index,t,bytes,mean_luma,std_luma,max_luma,lit_px,lit_frac,coverage_px,coverage_frac,luma_mass,adj_mean_delta,adj_max_delta,dhash,ahash,sha256
0,0.0,28981,5.987159252166748,10.422295570373535,254.0,20218,0.01872037037037037,0,0.0,2159.672119140625,nan,nan,18279316122001608,9063421182012,ffd6089479e4a408e9fd7918282b728f51c4ef1b90ec390c817d5545801e1190
1,0.001669449081803005,29136,5.991673946380615,10.416495323181152,254.0,20351,0.01884351851851852,388,0.00035925925925925925,2161.77294921875,0.01670740731060505,116.0,18279316122001608,9063421182012,e375c96338157701d8450a1cfce10eb5bbe8ce371df056735a077946bcded6b0
2,0.00333889816360601,29199,5.997569561004639,10.424427032470703,254.0,20497,0.018978703703703702,724,0.0006703703703703703,2166.212890625,0.020391667261719704,121.0,18279316122001608,9063421182012,3d14f6f1e00e76c12f34df62042d8f2cdf1869b28e53c3fc5179f281cd11958b
3,0.005008347245409015,29261,5.9994425773620605,10.427484512329102,254.0,20536,0.019014814814814814,858,0.0007944444444444444,2167.568115234375,0.010160185396671295,127.0,18279316122001608,9063421182012,a4034eda50c3b5d4b7e8590b388f078ad150380b7d3be8474e5e392b29f87131
4,0.00667779632721202,29325,6.00227689743042,10.4340181350708,254.0,20578,0.019053703703703705,966,0.0008944444444444445,2169.72412109375,0.008791666477918625,116.0,18279316122001608,9063421182012,6c7dfe1fd3e42d7c5f255c4aea1604323711aca697553514c5c3aa395df24798
5,0.008347245409015025,29464,6.0117974281311035,10.451498985290527,254.0,20762,0.019224074074074074,1337,0.001237962962962963,2177.3701171875,0.021129630506038666,126.0,18279316122001608,9063421182012,4225ba5240e4164c85f3e4e1f23f85dbe83cc6b7cae2c2410fbb1432067317c4
6,0.01001669449081803,29634,6.0173492431640625,10.460930824279785,254.0,20870,0.019324074074074073,1600,0.0014814814814814814,2181.48388671875,0.018024073913693428,117.0,18279316122001608,9063421186108,93b0d93be67c11b37f95d29373239ae4a8fbd133337aa6b342d91c6557f8bf99
7,0.011686143572621035,29771,6.024988651275635,10.47476577758789,254.0,21017,0.019460185185185185,1838,0.0017018518518518517,2187.34912109375,0.019963888451457024,119.0,18279316122001608,9063421186108,b57926564dcbe094bed39dd70ac61b5355fab29e6bc36ce13ecec2cee4e3b2e3
8,0.01335559265442404,29988,6.034497261047363,10.498762130737305,254.0,21168,0.0196,2093,0.001937962962962963,2195.0029296875,0.021573148667812347,131.0,18279316122001608,9063421186108,9d9b283b28c275ef5e730d7efc4e06dfc1a5e95adf2904f6c75e3889f8e8ff91
9,0.015025041736227046,30098,6.041164875030518,10.510643005371094,254.0,21298,0.01972037037037037,2302,0.0021314814814814816,2200.090087890625,0.0194398146122694,121.0,18279316122001608,9063421186108,231039b059d749ba73acaaa2249407c2ba9ae89e5f71a2aa2696900602f2e3db
10,0.01669449081803005,30197,6.043607234954834,10.511015892028809,254.0,21348,0.019766666666666665,2479,0.0022953703703703704,2201.35595703125,0.015735184773802757,109.0,18279316122005704,9063421186108,a3b10d1015cda80ffffb64919a34bda3f0c66049cab1d40f6159d938781ffe90
11,0.018363939899833055,30443,6.054250717163086,10.529967308044434,254.0,21526,0.01993148148148148,2809,0.002600925925925926,2209.156005859375,0.026434259489178658,110.0,18279316122005704,9063421186108,e4ee59e513d000848dc8c758c734dea79d7a6e921351cba9c3a74167fdef404c
12,0.02003338898163606,30595,6.062150001525879,10.546958923339844,254.0,21649,0.02004537037037037,3075,0.0028472222222222223,2215.10302734375,0.023904629051685333,115.0,18279316122005704,9063421186108,f894ad901735cb5b6696186279ff0fafde5e51aa309e368af4fdbdd119f7ca4b
13,0.021702838063439065,30804,6.070106506347656,10.560617446899414,254.0,21786,0.020172222222222223,3343,0.0030953703703703703,2220.781982421875,0.02322314865887165,107.0,18279316122005704,9063421186108,552bb516dab051f77920b874ae5583cd74f2d1c87dbad14d639703031d9c2a51
14,0.02337228714524207,30913,6.076329708099365,10.570074081420898,254.0,21910,0.020287037037037037,3632,0.003362962962962963,2225.087890625,0.02361574023962021,100.0,18279316122529992,9063421186108,4193fa3ac69d2811a1d075d721e9466b7a8e571f6f8a695da8468fc642d6e9b0
15,0.025041736227045076,30980,6.079151153564453,10.57670783996582,254.0,21964,0.020337037037037035,3791,0.003510185185185185,2227.31005859375,0.02030092664062977,86.0,18279316122529992,9063421188156,ab4f76643a65bdfba3e0a29e0a32b15d8e75fc32ec4ca408113a2bd062ad296d
16,0.02671118530884808,31030,6.082329750061035,10.582368850708008,254.0,22042,0.02040925925925926,3985,0.0036898148148148146,2229.5830078125,0.023050926625728607,73.0,18279316122529992,9063421188156,284938e992fefad021d12f4f01a9d1b7a2296526af69d43e7a3dc9db90eb201d
17,0.028380634390651086,31103,6.08816385269165,10.589733123779297,254.0,22147,0.020506481481481483,4272,0.003955555555555556,2233.385986328125,0.025943517684936523,74.0,18279316122529992,9063421188156,a830f80b184aea0652412b605331a8dc6345659bfd9bdfe53c7c5670cedade64
18,0.03005008347245409,31254,6.095042705535889,10.600319862365723,254.0,22266,0.020616666666666665,4603,0.004262037037037037,2237.85302734375,0.02721203677356243,112.0,18279316122529992,9063421188156,6f9110fbdb83eb87f750143638d73bb0282c59b711bbbaed4f41bdcf2b721fbd
19,0.03171953255425709,31445,6.1033220291137695,10.614157676696777,254.0,22391,0.020732407407407408,4933,0.004567592592592593,2243.489990234375,0.029044443741440773,95.0,18279316122529992,9063421188156,c946338eceea93542f1dea4ebeb640b9d9a2334e1311cde4bf10287d28d6b81d
20,0.0333889816360601,31486,6.106940746307373,10.621195793151855,254.0,22452,0.020788888888888888,5097,0.0047194444444444445,2246.238037109375,0.024807406589388847,100.0,18279316122529992,9063421188156,01e0b067d90894ddc1cd4b065325ac06e49e7b1b4cbfd54f25516b13df01e548
21,0.035058430717863104,31637,6.1157684326171875,10.638971328735352,254.0,22600,0.020925925925925924,5377,0.004978703703703704,2252.910888671875,0.029277777299284935,114.0,18279316122529992,9063421188156,7e11a45594f3f1490ce40bbbbc22bca7ec8ea6a93595989b8b28d8635bcacf43
22,0.03672787979966611,31789,6.123142719268799,10.65404224395752,254.0,22720,0.021037037037037038,5624,0.005207407407407407,2258.30810546875,0.02784629538655281,124.0,18279316122529992,9063421188156,ab6e20dd7b866e45d912db495ae5f3d67e94c38e66e12902daffcd33da84138f
23,0.038397328881469114,31874,6.128206253051758,10.662076950073242,254.0,22829,0.021137962962962963,5778,0.00535,2262.126953125,0.023706480860710144,117.0,18279316122529992,9063421188156,ec7c422c5b9a60b0cc05dbaf71fe6f7d7f523f5cbaf964f39d524e93bd5d2b6b
24,0.04006677796327212,31962,6.1315741539001465,10.666966438293457,254.0,22892,0.021196296296296296,5919,0.005480555555555555,2264.48193359375,0.019208332523703575,94.0,18279316122529992,9063421188156,280fdac2bc403cfed310b9073aa98658dab59ffbac5cc1198b38f5f54fbf74bd
25,0.041736227045075125,32107,6.14127779006958,10.691848754882812,254.0,23056,0.021348148148148147,6120,0.005666666666666667,2272.513916015625,0.023035185411572456,134.0,18279316122529992,9063421188156,aaef02c204062cc54c7930bda022cceba77a0079dc014316e09803863863e9fb
26,0.04340567612687813,32105,6.144038200378418,10.699277877807617,254.0,23098,0.021387037037037038,6173,0.005715740740740741,2274.95703125,0.014252778142690659,73.0,18279316122529992,9063421188156,fa8396dd980896f082316436b4bf84b386e5ecd37f34b9154e39605b0e06a6f8
27,0.045075125208681135,32122,6.146313190460205,10.7064790725708,254.0,23116,0.021403703703703703,6229,0.005767592592592592,2276.964111328125,0.0126638887450099,84.0,18279316122529992,9063421188156,dd42e4be5f6552e89db0e42a0449508a339ab38b4579068919319d81de5573c6
28,0.04674457429048414,32157,6.149306297302246,10.713546752929688,254.0,23161,0.02144537037037037,6283,0.005817592592592593,2279.367919921875,0.013467592187225819,80.0,18279316122529992,9063421188156,2def0fcfb0557709869da91a560d3a049ed4d213c87b032278804e364ead6ae5
29,0.048414023372287146,32253,6.152813911437988,10.72060489654541,254.0,23217,0.021497222222222223,6378,0.005905555555555555,2281.888916015625,0.012287037447094917,91.0,18279316122529992,9063421188156,ca8b172b1774ab6da0f459cedb41f638c49f64ef2f2566715c52f93f8538f8ed
30,0.05008347245409015,32402,6.159076690673828,10.731924057006836,254.0,23312,0.021585185185185186,6535,0.006050925925925926,2286.219970703125,0.01537037082016468,106.0,18279316122529992,9063421188156,3bccfc63a11997d0ef189d3fe23b2c0d4f5f5a38e6c5644b7f008404c94d7136
31,0.05175292153589316,32737,6.167713165283203,10.74983024597168,254.0,23427,0.021691666666666668,6754,0.006253703703703704,2292.547119140625,0.01768055558204651,119.0,18279316122529992,9063421188156,0d03f440eefbf5254616b695ce0f35c70c39a50fc4d5c1429f028d486048c80a
32,0.05342237061769616,32912,6.172298908233643,10.760693550109863,254.0,23481,0.021741666666666666,6854,0.006346296296296296,2296.027099609375,0.013047222048044205,92.0,18279316122529992,9063421188156,4b73bb7d0f2ccc5fcf39d28b870c10f2f720a9a0b2dfce001de82973bc7bb0a8
33,0.05509181969949917,33035,6.178167819976807,10.777864456176758,254.0,23573,0.02182685185185185,6978,0.006461111111111111,2300.743896484375,0.014118518680334091,107.0,18279316122529992,9063421450300,99483ff657f5b04289cf7b7b85970023947b8b5479b8b996d20cdf1a7f8215f1
34,0.05676126878130217,33144,6.187431335449219,10.808282852172852,254.0,23699,0.02194351851851852,7130,0.006601851851851852,2308.75,0.01947685144841671,135.0,18279316122792136,9063421450300,392fdb29efd943a974a7df507fc835cb5028834fffe97aae4391218f849b97b9
35,0.05843071786310518,33228,6.1923723220825195,10.828129768371582,254.0,23748,0.021988888888888888,7201,0.006667592592592593,2313.201904296875,0.01518518477678299,109.0,18279316122792136,9063421450300,2c7eb05f826be87172326ea075685655c84605fd7785e794e050c095f197a358
36,0.06010016694490818,33383,6.199616432189941,10.84998893737793,254.0,23829,0.02206388888888889,7339,0.00679537037037037,2319.322021484375,0.018492592498660088,120.0,18279316122792136,9063421450300,9399588fbf58df0375508b1c1b4b93f5fc48dac42ff10de5ea62cdd1d3729722
37,0.06176961602671119,33595,6.208831310272217,10.87586784362793,254.0,23977,0.022200925925925926,7521,0.006963888888888889,2326.962890625,0.023933332413434982,109.0,18279316122792136,9063421450300,f4a99af60607425410c66ca1c52693d5e9afb8c044f22dcf4b17d395c49b4d6b
38,0.06343906510851419,33870,6.219211101531982,10.90939998626709,254.0,24105,0.022319444444444444,7714,0.007142592592592593,2336.166015625,0.022388888522982597,105.0,18279316122792136,9063421450300,18da96e908a9e81dbaf2195e3916033b9c54c28363dc3ce50fdeb8b19a624109
39,0.0651085141903172,34123,6.227571487426758,10.939109802246094,254.0,24222,0.02242777777777778,7869,0.007286111111111111,2343.3359375,0.021849073469638824,93.0,18279316122792136,9063421450300,4dabe54868b58e8d206ccab6d8a07862ea5309c3138590a114bf6987c451f67f
40,0.0667779632721202,34282,6.238315582275391,10.977173805236816,254.0,24348,0.022544444444444443,8038,0.007442592592592593,2352.926025390625,0.02325925976037979,106.0,18279316122792136,9063421450300,8bad268817b702e6ca60d18750d4ea830c33ba8aab0919426632e84af0cc9f99
41,0.06844741235392321,34431,6.247236251831055,11.00846004486084,254.0,24445,0.02263425925925926,8190,0.007583333333333333,2360.68701171875,0.022544443607330322,93.0,18279316122792136,9063421450300,5df9a2c58c681040cbd5e4d6a6ad1649f0cf0105d1945e6f64ef0714a82bce65
42,0.07011686143572621,34576,6.258042812347412,11.04861831665039,254.0,24612,0.02278888888888889,8333,0.007715740740740741,2370.56103515625,0.02533981390297413,122.0,18279316122792136,9063421450300,6762ee830953b5434f24aa2ca79cbe9a88421ed58d16ee877dcef88d920b2f81
43,0.07178631051752922,34713,6.26839542388916,11.08569622039795,254.0,24710,0.022879629629629628,8545,0.007912037037037037,2379.5810546875,0.024015741422772408,105.0,18279316122792136,9063421450300,045235c48f495a78f115ce15f1bb2dde278a941e82a705ea51380e95cbbc7a02
44,0.07345575959933222,34815,6.277702808380127,11.118484497070312,254.0,24829,0.022989814814814814,8698,0.008053703703703704,2387.868896484375,0.024877777323126793,106.0,18279316122792136,9063421450300,5d713c39536012db7d3c200fdd1e4d664a9922cef008f4b3d3d42ecda6c69048
45,0.07512520868113523,34900,6.2869720458984375,11.146480560302734,254.0,24966,0.023116666666666667,8858,0.008201851851851853,2396.205078125,0.027295369654893875,111.0,18279316122792136,9063421581372,9cebeb09bcdeda467cce9ff4364dc88c78d2b1effc16605cbf4814e63b75eb02
46,0.07679465776293823,34937,6.295237064361572,11.17677116394043,254.0,25094,0.023235185185185185,9005,0.008337962962962964,2403.535888671875,0.02336851879954338,54.0,18279316122792136,9063421581372,358cb5f9e7dbaa98057d78419978b2fc12adfd9f8f5d79381705ffa15192c46d
47,0.07846410684474124,35013,6.302818298339844,11.208600044250488,254.0,25186,0.02332037037037037,9094,0.00842037037037037,2410.56201171875,0.02239999920129776,73.0,18279316122792136,9063421581372,b02c773c34e3826bb33c5570e07a898beadfc8c0877efbff9d3873a225307211
48,0.08013355592654424,35076,6.309803009033203,11.238730430603027,254.0,25256,0.023385185185185186,9197,0.00851574074074074,2417.287109375,0.02194351889193058,93.0,18279316122792136,9063421581372,a9aebb8df53189f09749309a9b928e2469af681a40a71feef11ea6593ee15c4e
49,0.08180300500834725,35157,6.317431449890137,11.264663696289062,254.0,25394,0.023512962962962965,9332,0.00864074074074074,2423.967041015625,0.024008333683013916,99.0,18279316122792136,9063421581372,e44fc53d5652bf33db3ca349b2dac243a72b049760ecbc74f93a002fa91760dd
50,0.08347245409015025,35282,6.327687740325928,11.297786712646484,254.0,25509,0.023619444444444443,9506,0.008801851851851852,2433.1650390625,0.02472870424389839,106.0,18279316122792136,9063421581372,fcf99f795e4ca4a4d61b7dca3f9a7e443fffbbe936670f180d5bf3642a905e1b
51,0.08514190317195326,35428,6.3381757736206055,11.331339836120605,254.0,25645,0.02374537037037037,9651,0.008936111111111112,2442.3779296875,0.024886110797524452,123.0,18279316122792136,9063421581372,2ac82ff62a1ebccb9cdeb20a735a0dfd634f0e0aabf27351c3a0afac62c3a53c
52,0.08681135225375626,35637,6.347405433654785,11.360892295837402,254.0,25749,0.023841666666666667,9800,0.009074074074074075,2450.180908203125,0.02488333359360695,95.0,18279316122792136,9063421581372,9f5c9873cd89f90244c8e14e98f906eceaeebc6619f7d6d2f8068e2eb1c41186
53,0.08848080133555926,35883,6.36129903793335,11.394455909729004,254.0,25969,0.02404537037037037,10071,0.009325,2461.555908203125,0.030400926247239113,112.0,18279316122792136,9063421581372,0af666ab9b3389ab816fed45a661dacb813cb956cf464ae4571117850b8dd86a
54,0.09015025041736227,36034,6.374880790710449,11.431529998779297,254.0,26187,0.024247222222222222,10306,0.009542592592592592,2473.43798828125,0.03041481412947178,103.0,18279316122793160,9063421581372,ded764b6f4400e413c6f41aa68c0c2beebfeaba16d1abb595734d1bfb5df5b94
55,0.09181969949916527,36170,6.382168292999268,11.455329895019531,254.0,26273,0.024326851851851853,10404,0.009633333333333334,2479.757080078125,0.022950926795601845,100.0,18279316122793160,9063421581372,7089d6e041898e82c5b00daad8afe779f7bf7c2db7861b7c1c7605dab30f5a0d
56,0.09348914858096828,36281,6.389007568359375,11.476393699645996,254.0,26357,0.02440462962962963,10534,0.009753703703703704,2485.471923828125,0.02567407488822937,107.0,18279316122793160,9063421581372,e111ce17b55ffa8176f7bfd90bc907326397cda94c0a198e49affbbaa33fa528
57,0.09515859766277128,36453,6.3970489501953125,11.499307632446289,254.0,26467,0.02450648148148148,10680,0.009888888888888888,2492.197998046875,0.02499166689813137,111.0,18279316122793160,9063421581372,3036b3d537d55789cc524b3fafa5d5ebb2ca09027d9ca714ecbd9118a9802ee3
58,0.09682804674457429,36617,6.4093122482299805,11.538269996643066,254.0,26636,0.024662962962962963,10851,0.010047222222222223,2503.06689453125,0.028275925666093826,107.0,18279316122793160,9063421581372,19ede92305d40149fd2c4982ff8808a798ca905505907feffef0f44b4992af92
59,0.09849749582637729,36741,6.417853832244873,11.567891120910645,254.0,26720,0.02474074074074074,10993,0.010178703703703704,2510.625,0.023713888600468636,106.0,18279316122793160,9063421581372,5657cfcc85eeabcfb3a11aa423f000c47cf7d35cd3779e2b92a554b473ca859d
60,0.1001669449081803,36835,6.426058292388916,11.597827911376953,254.0,26819,0.024832407407407407,11097,0.010275,2518.2060546875,0.023099074140191078,119.0,18279316122793160,9063421581372,7cc5046fa5d285212c9aea9aff79b5e15b51fd2e13f83906003a7e92c643c8b1
61,0.1018363939899833,36891,6.4324140548706055,11.619168281555176,254.0,26894,0.024901851851851852,11184,0.010355555555555555,2523.720947265625,0.026514815166592598,129.0,18279316122793160,9063421581372,391414d3ab53a214440e85e1eaeb9506f0d74f9854eb44064b36c760954a3e17
62,0.10350584307178631,36961,6.437063694000244,11.639525413513184,254.0,26930,0.024935185185185185,11248,0.010414814814814814,2527.866943359375,0.024162963032722473,74.0,18279316122793160,9063421581372,a1c3e740071ff2f6c8a3cb33360f28adc7e802c9eac7820c14bb7e8662b0557e
63,0.10517529215358931,36996,6.440814018249512,11.653482437133789,254.0,26938,0.024942592592592593,11359,0.010517592592592592,2530.718017578125,0.027498148381710052,95.0,18279316122793160,9063421581372,4bd8c6e951fdfbcb5eafeaf1e01008e40f591f7a811c0e5140bdfca18c846e12
64,0.10684474123539232,37065,6.44667387008667,11.671571731567383,254.0,27036,0.025033333333333335,11448,0.0106,2536.033935546875,0.025558333843946457,126.0,18279316122793160,9063421581372,968432169d6b6b28c3beec9cc60943eaaa4e1a94976eef28d721925c3c97da91
65,0.10851419031719532,37127,6.450714111328125,11.685619354248047,254.0,27064,0.02505925925925926,11541,0.010686111111111112,2539.576904296875,0.027013888582587242,135.0,18279316122793160,9063421581372,d8bc9dea6a60443ef288cd02d29bf83612719b4255b3097dcef090fe55b985a7
66,0.11018363939899833,37191,6.453781604766846,11.70113754272461,254.0,27091,0.025084259259259258,11531,0.010676851851851852,2542.637939453125,0.024271296337246895,135.0,18279316122793160,9063421582396,44d929ae4fa0d710636e2938326217dee82698c2e33c8d6d63f66cc057f00042
67,0.11185308848080133,37198,6.45567512512207,11.713242530822754,254.0,27094,0.025087037037037036,11515,0.010662037037037038,2544.569091796875,0.024606481194496155,104.0,18279316122793160,9063421582396,bf6609f85ad70c1d9f17c673fd7a3231f908f380ed524480cc0427a7863b0d1f
68,0.11352253756260434,37237,6.459927558898926,11.733193397521973,254.0,27118,0.025109259259259258,11568,0.01071111111111111,2548.589111328125,0.021069444715976715,66.0,18279316122793160,9063421582396,a7275a54c7603909edeb02e64d82c98589aa1aed6abbd77eecea4548ff5f4c43
69,0.11519198664440734,37261,6.462825775146484,11.744987487792969,254.0,27173,0.025160185185185185,11572,0.010714814814814814,2551.43896484375,0.023205555975437164,108.0,18279316122793160,9063421582396,ff3e32740850e25285f418a471c73f103a697b4872cad9d55411b28fce46471e
70,0.11686143572621036,37265,6.464942455291748,11.754305839538574,254.0,27193,0.025178703703703703,11611,0.010750925925925926,2553.381103515625,0.026133334264159203,97.0,18279316122793160,9063421582396,5183eea1df813b3da43becca96a6ef6542ad8ba6b8e565dc3e48ffa8f5ca048a
71,0.11853088480801335,37322,6.469225883483887,11.76301383972168,254.0,27274,0.025253703703703705,11706,0.01083888888888889,2557.071044921875,0.032972224056720734,138.0,18279316122793160,9063421582396,15e453be15b60bca90af1a54822a1334466ba3ba61248fc9a79e8342be2e6fd5
72,0.12020033388981637,37392,6.4738287925720215,11.782597541809082,254.0,27306,0.025283333333333335,11764,0.010892592592592593,2561.087890625,0.025378704071044922,84.0,18279316122793160,9063421582396,5d055d162fc6cf9f2dfd5145f4d90a2344b58ed5bdc0cd992e077a3de5e565eb
73,0.12186978297161936,37448,6.4808526039123535,11.806774139404297,254.0,27401,0.025371296296296295,11875,0.01099537037037037,2567.571044921875,0.02607037127017975,92.0,18279316122793160,9063421582396,454cb8aa8e6e5e5e552d8a62f4fbf352129d18235595c0d5c9db7908657b147a
74,0.12353923205342238,37514,6.484899997711182,11.822190284729004,254.0,27459,0.025425,11948,0.011062962962962964,2571.264892578125,0.027004629373550415,146.0,18279316122793160,9063421582396,48a50606616141f08c1fc6b4f1203b2463f5cad9811ca8075645ee52fad466b5
75,0.12520868113522537,37582,6.491797924041748,11.845362663269043,254.0,27536,0.025496296296296295,12069,0.011175,2577.330078125,0.030320370569825172,123.0,18279316122793160,9063421582396,cdb122605709d0efb8755e8ebdd0642b713f89bd3b4f5ea7f0bdba742e810bb4
76,0.12687813021702837,37648,6.498370170593262,11.868026733398438,254.0,27596,0.025551851851851853,12166,0.011264814814814814,2583.1650390625,0.028931481763720512,113.0,18279316122268872,9063421582908,d07f52de979702dc0f4732f7b45ac34ee9d96093f5f81b84bbee49d598828a35
77,0.1285475792988314,37916,6.512825012207031,11.905373573303223,254.0,27790,0.02573148148148148,12480,0.011555555555555555,2594.868896484375,0.038115739822387695,132.0,18279316122268872,9063421582908,91894e540fcec5f1be0c55771c5063f7eb6d74c9575fb46d684954bafb3827a5
78,0.1302170283806344,38060,6.521934986114502,11.929092407226562,254.0,27886,0.025820370370370372,12643,0.011706481481481481,2602.324951171875,0.031558334827423096,126.0,18279316122268872,9063421582908,97e19d25d942989d098189c0a1469f2292176d6483b373e472d5f6e50c52aa05
79,0.1318864774624374,38269,6.540580749511719,11.980695724487305,254.0,28170,0.026083333333333333,12946,0.011987037037037037,2618.907958984375,0.037486109882593155,120.0,18279316122268872,9063421582908,243db2d1d4b8d1fdc8a690512c22326ee1c55bf2b7baf14de37bf36aaf332f05
80,0.1335559265442404,38320,6.547511100769043,12.00528621673584,254.0,28281,0.02618611111111111,13048,0.012081481481481481,2625.172119140625,0.023621296510100365,87.0,18279316122268872,9063421582908,67da46763589b39aa01671080819757efa36f1ae4fc5d4c361517169c5d126ba
81,0.1352253756260434,38598,6.56588077545166,12.053604125976562,254.0,28533,0.026419444444444443,13372,0.012381481481481481,2641.010986328125,0.03535648062825203,118.0,18279316122268872,9063421582908,d5408bc3c3c97c5ae7ddafd4a4d19e9bba9731dcae7ff774608908d95e10372c
82,0.13689482470784642,38740,6.578703880310059,12.08590316772461,254.0,28734,0.026605555555555556,13634,0.012624074074074074,2652.052001953125,0.030262036249041557,104.0,18279316122268872,9063421582908,5aec9bfb6e4868da02f6cf8bcfead4f4cda7bd6d5bd5383d5f1557633ad36373
83,0.13856427378964942,38963,6.591931343078613,12.12069034576416,254.0,28948,0.026803703703703705,13865,0.012837962962962962,2663.87109375,0.029535185545682907,101.0,18279316122268872,9063421582908,018b618dab9021a1e7cbcece4f5a4de64fa147f260176b23c2a8db36590afab6
84,0.14023372287145242,39114,6.601519584655762,12.147323608398438,254.0,29083,0.026928703703703705,14042,0.013001851851851851,2672.804931640625,0.023589814081788063,105.0,18279316122268872,9063421582908,dc0d14caba7de71e11bfaba605f8474b3724eb673dd368fd4dcd9c8af4737b14
85,0.1419031719532554,39160,6.611358165740967,12.178394317626953,254.0,29236,0.02707037037037037,14174,0.013124074074074074,2682.138916015625,0.02478148229420185,120.0,18279316122268872,9063421582908,308ba07733aabbd5800e4bf7b710d80f1e3b96cd2e41af469cd1b49c07a3f91a
86,0.14357262103505844,39240,6.615652084350586,12.19325065612793,254.0,29288,0.027118518518518517,14269,0.013212037037037038,2686.118896484375,0.019276851788163185,112.0,18279316122268872,9063421582908,6cbe0671231b18211383ec13b6994c262ab2952e961b65265429e7505735b133
87,0.14524207011686144,39352,6.619282245635986,12.201773643493652,254.0,29360,0.027185185185185184,14375,0.013310185185185185,2689.408935546875,0.018582407385110855,81.0,18279316122268872,9063421582908,7ce4bb4f863679863e19c992d3ce6661caf9739d24e8d4f43881b11ff1d882ef
88,0.14691151919866444,39477,6.624615669250488,12.212855339050293,254.0,29465,0.027282407407407408,14512,0.013437037037037037,2694.44091796875,0.019090740010142326,81.0,18279316122268872,9063421582908,284436d2fedfce106014dd520c1e8904ff452befaf7cc76f056d9603099d73e6
89,0.14858096828046743,39577,6.630201816558838,12.224613189697266,254.0,29577,0.02738611111111111,14663,0.013576851851851852,2700.011962890625,0.021549073979258537,101.0,18279316122268872,9063421582908,3640aa36a9146d3cb712722d5ed78f5c7c48cffee344f1e0e780c38019d01964
90,0.15025041736227046,39772,6.637162208557129,12.240592956542969,254.0,29743,0.027539814814814816,14890,0.013787037037037037,2707.260009765625,0.025123147293925285,94.0,18279316122268872,9063422631484,7e1311ba3208ff1b0dddb8f4f93aeb1b96796db0ad6c96fe0d0c432e2979e513
91,0.15191986644407346,39934,6.6443705558776855,12.262001991271973,254.0,29889,0.027675,15058,0.013942592592592593,2714.819091796875,0.025536110624670982,106.0,18279316122268872,9063423155772,3c1e6e0f289fed2ab00de0957a7a8e82af66a30771e75fea11968ebb5983a983
92,0.15358931552587646,39987,6.648642539978027,12.276825904846191,254.0,29941,0.02772314814814815,15181,0.014056481481481482,2719.04296875,0.02407963015139103,112.0,18279316122268872,9063423155772,933d962573af0d5ed1b0f33ffcb8a40a32bd29011a1eb06e379c821caa199b3f
93,0.15525876460767946,40203,6.653709411621094,12.293253898620605,254.0,30090,0.02786111111111111,15402,0.014261111111111112,2724.490966796875,0.02645740658044815,107.0,18279316122268872,9063423155772,2bf3aa97e28913db1f694e274e7bd1e8471e2bd5d40959113defe291e09578f3
94,0.15692821368948248,40294,6.657095432281494,12.303420066833496,254.0,30154,0.02792037037037037,15496,0.014348148148148148,2727.800048828125,0.025176851078867912,98.0,18279316122268872,9063423155772,1a0ddc861d974f44153bcc7f53625aac2229bce0a43358bde49977e4938bbb00
95,0.15859766277128548,40357,6.661284446716309,12.316838264465332,254.0,30228,0.02798888888888889,15587,0.014432407407407408,2731.672119140625,0.02654259279370308,80.0,18279316122268872,9063423155772,4372e0c1acdb2d04f3f50547aad0335417238d9d189917063b5fa913d63fc143
96,0.16026711185308848,40520,6.667064666748047,12.335911750793457,254.0,30319,0.02807314814814815,15719,0.01455462962962963,2737.572998046875,0.029191667214035988,103.0,18279316122268872,9063423155772,c6fa5b1b5a19f16dfe4545aeabf73676feb79ebb8c63ce80ed1936b197c0568f
97,0.16193656093489148,40646,6.674464702606201,12.360095977783203,254.0,30453,0.02819722222222222,15909,0.014730555555555556,2745.133056640625,0.032842591404914856,76.0,18279316122268872,9063423155772,ca70fe620755ae56fc424102f6c02cffb24f571c9e7bfb53d5a05c5923ec0243
98,0.1636060100166945,40776,6.680765628814697,12.379753112792969,254.0,30552,0.028288888888888888,16032,0.014844444444444445,2751.366943359375,0.031158333644270897,62.0,18279316122268872,26655609200188,748e35ef65dc84dcf70e4a84a1f3ce0bbe524483d5e568f29f0e67a5a660cebb
99,0.1652754590984975,40863,6.6879167556762695,12.406160354614258,254.0,30634,0.028364814814814815,16199,0.014999074074074074,2758.672119140625,0.03375647962093353,76.0,18279316122268872,26655609200188,e7bfac7e96a0fb66c72b7c34da78c9c0b2dbf5688ae7d469c6f635a1e443738e
100,0.1669449081803005,41036,6.696070194244385,12.436135292053223,254.0,30770,0.02849074074074074,16333,0.015123148148148148,2766.89501953125,0.03699073940515518,98.0,18279316122268872,26655609200188,8076d8b21e29c6c73d445d177f25a5361f6dc0770080a8b6898b2fd4d9f433f6
101,0.1686143572621035,41277,6.70872688293457,12.477968215942383,254.0,30995,0.028699074074074075,16568,0.015340740740740742,2779.946044921875,0.041163887828588486,106.0,18279316122268872,26655609200188,348c44e82b93ef909cdd0e4c1c1f10c47f906b2ff98fbd4660b8dbc0fd62db3e
102,0.17028380634390652,41574,6.727181434631348,12.540116310119629,254.0,31335,0.029013888888888888,16955,0.015699074074074074,2799.427001953125,0.04705648124217987,108.0,18279316122268872,26655609200188,7744d70bde3e56ac72a7f2d3f136e54df8fac2c39617959d63c557d73d648fce
103,0.17195325542570952,41780,6.738319396972656,12.580619812011719,254.0,31512,0.029177777777777778,17145,0.015875,2811.010009765625,0.039217591285705566,91.0,18279316122268872,26655609200188,e5b407794871555d3683530fddd9e977dcf29547c32b9bdc81df3e8562f1f145
104,0.17362270450751252,42035,6.751438140869141,12.629313468933105,254.0,31761,0.029408333333333335,17417,0.01612685185185185,2825.093017578125,0.04177222400903702,99.0,18279316122268872,26655609200188,8ab12560181c781a35e4d6d6abf0db62994016d4043fbce93e9f279ef37882f1
105,0.17529215358931552,42289,6.762478828430176,12.671213150024414,254.0,31975,0.02960648148148148,17721,0.016408333333333334,2836.876953125,0.042355556041002274,98.0,18279316122268872,26655609200188,f6d6231391c9c7b5b3ce44c60718c58e07db2e19abba5666bd4d4a0059f1a638
106,0.17696160267111852,42497,6.771329402923584,12.707673072814941,254.0,32144,0.029762962962962963,17940,0.01661111111111111,2846.3701171875,0.04067870229482651,94.0,18279316122268872,26655609200188,0c8f273638f8325cd5196ade27647a85425ccdaedd68e2aea1f59e3635b9c3d1
107,0.17863105175292154,42626,6.779818534851074,12.740917205810547,254.0,32305,0.029912037037037036,18098,0.01675740740740741,2855.306884765625,0.04152592644095421,107.0,18279316122268872,26655609200188,9a123f98391e1fb6597298885cc72c6f8e66f34806a30fdf488d9dfde8ab146a
108,0.18030050083472454,42790,6.787614822387695,12.773042678833008,254.0,32472,0.030066666666666665,18303,0.01694722222222222,2863.988037109375,0.04233148321509361,84.0,18279316122268872,26655609200188,d6fa9cc01e7dd6079b599a9a9e375081d78cd54a8f8402edc79ada1ddfa9e6a6
109,0.18196994991652754,42914,6.794824123382568,12.801249504089355,254.0,32569,0.030156481481481482,18486,0.017116666666666665,2871.758056640625,0.03680000081658363,101.0,18279316122268872,267330132540,823e012218797c7fb3aef9777281fcb8442855dfe2a04f1dceb003e397b38171
110,0.18363939899833054,43029,6.8027520179748535,12.829066276550293,254.0,32694,0.03027222222222222,18612,0.017233333333333333,2880.076904296875,0.04134814813733101,134.0,18279316122268872,267330132540,08d429ec088b81f872bd2ee8606b81448638a8bdcd0298241c7771bfaec7ff3e
111,0.18530884808013356,43145,6.81166410446167,12.867440223693848,254.0,32840,0.030407407407407407,18810,0.017416666666666667,2889.610107421875,0.0388324074447155,100.0,18279316122268872,26655609200188,27e249057ed29f559bd32831be0e38478712a27e2837c819e7f468650ef92088
112,0.18697829716193656,43387,6.821275234222412,12.907127380371094,254.0,33040,0.03059259259259259,19063,0.017650925925925928,2900.131103515625,0.044470369815826416,106.0,18279316122268872,267330132540,e8bed169cc8afbf9130a624af6c4803fb2a6c50c2ab1613c65ef771eefd7f883
113,0.18864774624373956,43635,6.8295722007751465,12.942384719848633,254.0,33177,0.030719444444444445,19226,0.017801851851851853,2909.22802734375,0.04115833342075348,98.0,18279316122268872,26655609200188,bb8c32410c7d5c14cbc38d6c2011d36739d53b8be4d13595e5e0351f38321405
114,0.19031719532554256,43846,6.83909273147583,12.983092308044434,254.0,33357,0.03088611111111111,19467,0.018025,2919.488037109375,0.041603703051805496,98.0,18279316122268872,267330132540,007a560bee7081edaa6a58d19f57cb790c643eea2b53d92d681d5beec6c30415
115,0.19198664440734559,44114,6.848804473876953,13.024728775024414,254.0,33653,0.031160185185185187,19767,0.01830277777777778,2930.049072265625,0.043869443237781525,91.0,18279316122268872,267330132540,2dd355131c74319a9f52e2037097ac4227cb92f7b1eb41f6d08e75733c159b26
116,0.19365609348914858,44324,6.858120441436768,13.069498062133789,254.0,33882,0.031372222222222225,19991,0.018510185185185185,2940.263916015625,0.04241018369793892,82.0,18279316122268872,267330132540,48c31b3bc83ab1752291b5397d15b2866f476d93d05af803622c66e6055f211a
117,0.19532554257095158,44600,6.869265556335449,13.123106002807617,254.0,34130,0.03160185185185185,20274,0.01877222222222222,2952.39501953125,0.04503240808844566,87.0,18279316122268872,267330132540,ffc215f908e51c018465d5564a85dc23a68dbc3ce9588930d13727f9d1790127
118,0.19699499165275458,44768,6.8780741691589355,13.167736053466797,254.0,34230,0.03169444444444444,20382,0.01887222222222222,2961.827880859375,0.04062870517373085,107.0,18279316122268872,267330132540,74b1999769e9e50b38a9e3a88a22939cf6d0f56da3432c77dd210db3f5fe5f9d
119,0.1986644407345576,44935,6.8867998123168945,13.21009349822998,254.0,34372,0.031825925925925924,20529,0.019008333333333332,2971.090087890625,0.040235184133052826,82.0,18279316122268872,267330132540,8e4a825c1947f241966d652e5a2f45a587fd163d133f0e2950d125d30f2b29e1
120,0.2003338898163606,45057,6.894028663635254,13.245489120483398,254.0,34497,0.03194166666666667,20634,0.019105555555555556,2978.845947265625,0.042019445449113846,90.0,18279316122268872,267330132540,10339d98b7424d7ba5b1ccda72d458aae723a8b8911b618aa4f63447af28b5cb
121,0.2020033388981636,45227,6.9028639793396,13.289691925048828,254.0,34647,0.03208055555555556,20754,0.019216666666666667,2988.384033203125,0.0443703718483448,98.0,18279316122268872,267330132540,ace3c3659fbe61eeaa41a955e7ef108290f96d61aae16568d0075e1228b91b93
122,0.2036727879799666,45513,6.9141340255737305,13.346417427062988,254.0,34943,0.03235462962962963,21122,0.01955740740740741,3000.85888671875,0.04815185070037842,96.0,18279316122268872,267330132540,b0de6ad4fc3ad49a2473cef1eb098e36f45b625844a1f49919b8924888cc30a8
123,0.20534223706176963,45606,6.922863006591797,13.389459609985352,254.0,35111,0.032510185185185184,21257,0.01968240740740741,3010.156982421875,0.04125647991895676,68.0,18279316122268872,267330132540,5a2a68b48691775c01ead5a69835ef1419acf0609df5e55b125fdf8f1dc03dff
124,0.20701168614357263,45703,6.930518627166748,13.427122116088867,254.0,35213,0.03260462962962963,21388,0.019803703703703705,3018.455078125,0.04120185226202011,99.0,18279316122268872,267330132540,73f57b085ca4d306de716b299d2523cf9a85a62f814a0ec39427582a756a49a7
125,0.20868113522537562,45874,6.937130451202393,13.457722663879395,254.0,35360,0.032740740740740744,21551,0.01995462962962963,3025.448974609375,0.04186388850212097,108.0,18279316122268872,267330132540,0007bd5d9c98ad71fcb881bf143b5016500a19b2c1d67e8ea2e9c870e0556a6f
126,0.21035058430717862,45946,6.943385124206543,13.487749099731445,254.0,35469,0.032841666666666665,21645,0.020041666666666666,3032.22705078125,0.038963887840509415,88.0,18279316122268872,267330132540,44d4ed618bbc03936f30dab365fd9d0cca2d29a1b7841e418d2af44279839108
127,0.21202003338898165,46057,6.9505767822265625,13.520021438598633,254.0,35611,0.03297314814814815,21737,0.02012685185185185,3039.989990234375,0.03823796287178993,84.0,18279316122268872,267330132540,f7b41e460127c4d7759c04f8cfb1bf13ca0007d8d8eb93602e8f80a7dbc86dcc
128,0.21368948247078465,46173,6.957840919494629,13.553191184997559,254.0,35677,0.033034259259259256,21864,0.020244444444444443,3047.427978515625,0.03793240711092949,85.0,18279316122268872,267330132540,27c438b59b789e66250c675dcc966eb77e00cc8442bda82195a10311e211eb4f
129,0.21535893155258765,46235,6.964770317077637,13.5849027633667,254.0,35799,0.033147222222222224,21947,0.020321296296296296,3054.73095703125,0.03682592511177063,91.0,18279316122268872,267330132540,145ef4fbbdb9976f58800cb861e0075f665fbf3de213005b646389c7bd28d261
130,0.21702838063439064,46292,6.970348358154297,13.610724449157715,254.0,35874,0.033216666666666665,22036,0.020403703703703705,3060.6669921875,0.03822777792811394,86.0,18279316122268872,267330132540,1a9d5245d8bafb90170a93383889b8be3aaaff3db490a4aa989f53d42dbd7d4b
131,0.21869782971619364,46361,6.9765729904174805,13.636691093444824,254.0,36001,0.03333425925925926,22153,0.020512037037037037,3067.177001953125,0.03870648145675659,91.0,18279316122268872,267330132540,baa596abfe8f06987e93cce8a3ac3286c97634e2f1d65db8f5b0e77a4ffa5dc2
132,0.22036727879799667,46458,6.982675075531006,13.662259101867676,254.0,36111,0.03343611111111111,22242,0.020594444444444443,3073.70703125,0.03688148036599159,75.0,18279316122268872,267330132540,4aab889929796e7121c3b55314ad175d7cfb832095f3c8178c90034e607f2102
133,0.22203672787979967,46602,6.990158557891846,13.694352149963379,254.0,36238,0.033553703703703704,22385,0.02072685185185185,3081.77392578125,0.04028148204088211,78.0,18279316122268872,267330132540,e48a1d31f7b9441dcd216a992683eac09c2b01657530c5bee7094877e0bdfebe
134,0.22370617696160267,46817,6.996608257293701,13.722963333129883,254.0,36299,0.03361018518518519,22653,0.020975,3088.8330078125,0.044446296989917755,82.0,18279316122268872,267330132540,5de44ea44a4b532a3154f9d523c572211382461cd72fd98a03ae0141e190c410
135,0.22537562604340566,46993,7.004399299621582,13.757713317871094,254.0,36343,0.033650925925925924,22856,0.021162962962962963,3097.291015625,0.04312407225370407,92.0,18279316122268872,267330132540,a44a2d067d0b32f718f59f34c09e31d7f7422d07c85d30a40becc883d026a038
136,0.2270450751252087,47057,7.011345386505127,13.791321754455566,254.0,36333,0.03364166666666667,22925,0.02122685185185185,3104.614013671875,0.04071851819753647,83.0,18279316122268872,267330132540,8edf0cfc896ed76930afe1e46a3a7bdd47684a71c2de2420c6ea3ac54bd200e3
137,0.2287145242070117,47109,7.018189907073975,13.823873519897461,254.0,36422,0.03372407407407407,23010,0.021305555555555557,3111.97607421875,0.04156666621565819,57.0,18279316122268872,267330132540,efde58b62d4887e6bb7a02510df05e0f2e5f50bd2f48939fbb6495da9fefddca
138,0.2303839732888147,47162,7.025259971618652,13.854463577270508,254.0,36529,0.03382314814814815,23095,0.02138425925925926,3119.45703125,0.04117777943611145,84.0,18279316122268872,267330132540,15db8e4b9ecd02f5f8bb498540bd82894829f23c25d18c7ebb515de3357eb561
139,0.23205342237061768,47195,7.0310139656066895,13.879548072814941,254.0,36591,0.03388055555555555,23192,0.021474074074074073,3125.7041015625,0.04277222231030464,60.0,18279316122268872,267330132540,0809842cc916328714a9a9d7868aa6dd5db08039bb2f1358ecbc38f695d91c89
140,0.2337228714524207,47229,7.037412166595459,13.909906387329102,254.0,36627,0.03391388888888889,23262,0.02153888888888889,3132.116943359375,0.0442500002682209,79.0,18279316122268872,267330132540,9840446b870011267471429c471ae30697624b240f84aab962b2e64e86861fa0
141,0.2353923205342237,47330,7.049807548522949,13.948012351989746,254.0,36793,0.034067592592592594,23536,0.021792592592592593,3144.256103515625,0.055206481367349625,117.0,18279316122268872,267330132540,305e5fcb86b6d0b9a543e32fc368d9a92311aea96728f948794b73aae816d851
142,0.2370617696160267,47394,7.060999870300293,13.99161434173584,254.0,36940,0.0342037037037037,23690,0.021935185185185186,3156.3349609375,0.04902036860585213,114.0,18279316122268872,267330132540,7f358d091eb48ff790dde0707afd9a6015dc3cea80ea892b778b5596f7697bc5
143,0.2387312186978297,47402,7.065985202789307,14.012860298156738,254.0,36994,0.0342537037037037,23806,0.022042592592592593,3161.652099609375,0.04426296427845955,118.0,18279316122268872,267330132540,de555c9ece22ca4f6bafda5a57d5b8fd7284f1a83c0f3f2d234c2f983a81d82e
144,0.24040066777963273,47431,7.070846080780029,14.030029296875,254.0,37064,0.03431851851851852,23899,0.022128703703703703,3166.60205078125,0.04211481660604477,126.0,18279316122268872,267330132540,1925c1f344cb17d3ca62e907affb3c266affff4dddce09fb3c1bd7b0288a8e58
145,0.24207011686143573,47416,7.068466663360596,14.015724182128906,254.0,37091,0.034343518518518516,23971,0.02219537037037037,3164.35791015625,0.05037963017821312,149.0,18279316122268872,267330132540,13e1f091ee13da6d6348c2265dab8c1a5f445d26c18650f04520f07bbf9862b8
146,0.24373956594323873,47407,7.067799091339111,14.006425857543945,254.0,37122,0.03437222222222222,24057,0.022275,3163.60888671875,0.04439351707696915,125.0,18279316122268872,267330132540,5fe3626bb892b19ba3d7f55ae4ea135c34e5f1a754f60f8cbd8cfe073b62a414
147,0.24540901502504173,47409,7.068931579589844,14.008868217468262,254.0,37142,0.03439074074074074,24143,0.02235462962962963,3164.594970703125,0.035454630851745605,65.0,18279316122268872,267330132540,663272669d310dbbe18dc3b8544e46fc34a95b85df3a0ccf0a10a7a14cc131a6
148,0.24707846410684475,47413,7.066788673400879,13.998950004577637,254.0,37095,0.03434722222222222,24236,0.02244074074074074,3162.43798828125,0.03973518684506416,130.0,18279316122268872,267330133564,aa4fdd3a0fe76743f465fde431b291ebcc2f1063d489f7ddfbdd190be3eabdee
149,0.24874791318864775,47445,7.067905426025391,14.007095336914062,254.0,37062,0.03431666666666667,24291,0.022491666666666667,3163.69189453125,0.03768888860940933,112.0,18279316122268872,267330133564,3c2197db68aebdc53dff4ee988aebc718944ddfe5ef47606723a01134adaa1ea
150,0.25041736227045075,47472,7.0688018798828125,14.007308959960938,254.0,37105,0.03435648148148148,24310,0.02250925925925926,3164.626953125,0.03531111031770706,142.0,18279316122268872,267330133564,717dac654fcb1ef93f82615970bf70df8dd9935ede6063b101a4ff3a84c5f1f3
151,0.25208681135225375,47498,7.069083213806152,14.005006790161133,254.0,37126,0.03437592592592593,24311,0.022510185185185185,3164.827880859375,0.03898888826370239,101.0,18279316122268872,267330133564,51334d8fe81939016f6a212d5c0d5613e2b2098f5105ab84bf96862ff642bbd2
152,0.25375626043405675,47487,7.072422027587891,14.010777473449707,254.0,37207,0.034450925925925927,24437,0.022626851851851853,3168.324951171875,0.04137592762708664,116.0,18279316122268872,267330133564,395138b2f89ab1f4c961e48bb5dd2aa7013c8b6afeec730f15aa938080f7c830
153,0.25542570951585974,47493,7.075840950012207,14.02553653717041,254.0,37215,0.034458333333333334,24417,0.022608333333333334,3171.781982421875,0.037162963300943375,108.0,18279316122268872,267330133564,2df5b66b81d32927c7472abf4dc476c33577aaa5b1743cca75adf1052ed2d0a8
154,0.2570951585976628,47600,7.080499172210693,14.042447090148926,254.0,37341,0.034575,24551,0.022732407407407406,3176.72509765625,0.040824998170137405,103.0,18279316122268872,267330133564,431dd77807aaac8f8a9721ad9e5dd4bf88977fb0ac068f085db246025d4a5d56
155,0.2587646076794658,47775,7.088569641113281,14.070046424865723,254.0,37551,0.03476944444444444,24755,0.022921296296296297,3185.281982421875,0.047335185110569,86.0,18279316122268872,267330133564,25f862c24babfff22b7004d4399f511f6130ef0056419dd9d2daae9fa0142e44
156,0.2604340567612688,48031,7.096726894378662,14.097967147827148,254.0,37850,0.0350462962962963,25044,0.023188888888888887,3194.06689453125,0.05108703672885895,85.0,18279316122268872,267330133564,43f31b15b8ba123fbf894df07359382f22a30e7a116b291762d4c64c603fdb92
157,0.2621035058430718,48144,7.103377819061279,14.123514175415039,254.0,37975,0.03516203703703704,25176,0.023311111111111112,3201.2109375,0.05125648155808449,96.0,18279316122268872,267330133564,aedb85962dd190fcc7cbe3b8486e0bb33bf719f4b672158c2ea0a4abfb052eca
158,0.2637729549248748,48264,7.108634948730469,14.145228385925293,254.0,38051,0.03523240740740741,25284,0.02341111111111111,3206.802978515625,0.05010370537638664,99.0,18279316122268872,267330133564,aec2930b571354327d1275269a90f67b5ca6ecf24e2c4f4a64e0edc64c1ab9a2
159,0.2654424040066778,48306,7.111303806304932,14.155242919921875,254.0,38121,0.03529722222222222,25388,0.023507407407407407,3209.639892578125,0.054814815521240234,105.0,18279316122268872,267330133564,d97408cf3696b2ee8100e83e63b57d34bdebef17b2c5e9f836d18488d8ab2254
160,0.2671118530884808,48342,7.1163482666015625,14.176582336425781,254.0,38179,0.035350925925925925,25444,0.02355925925925926,3215.06494140625,0.052468519657850266,83.0,18279316122268872,267330133564,5afdf6c95ef50ce290790aae54ed3b22e4f31bf91710cf7aefe9c1f4ec923583
161,0.2687813021702838,48367,7.121549129486084,14.1948823928833,254.0,38292,0.03545555555555555,25563,0.023669444444444444,3220.534912109375,0.0517694428563118,87.0,18279316122268872,267330133564,8d3c66629837dcbef7de3aef9b6d775317acef2209ef04d7589b07ebce07ee49
162,0.2704507512520868,48403,7.1269731521606445,14.21728801727295,254.0,38353,0.035512037037037036,25626,0.023727777777777778,3226.35205078125,0.05053703859448433,65.0,18279316122268872,267330133564,3e302b26c6910adcea22de5da27442d4fd4f34189c8b9b78c8c9cbdef1adff23
163,0.27212020033388984,48466,7.133786201477051,14.239762306213379,254.0,38546,0.03569074074074074,25809,0.023897222222222222,3233.674072265625,0.05463888868689537,128.0,18279316122268872,267330133564,dc4a0b06085e41c478cbc7a547d5141ad4f784f5fbad255dc7c16e62cf8a3043
164,0.27378964941569284,48577,7.139720439910889,14.26075553894043,254.0,38677,0.03581203703703704,25933,0.024012037037037037,3239.89208984375,0.05311574041843414,102.0,18279316122268872,267330133564,6318a8d8287c674c364dd3c4bfda88a823f67a813a31f20dde8c37849ae34f8f
165,0.27545909849749584,48615,7.142114639282227,14.270899772644043,254.0,38693,0.03582685185185185,25985,0.024060185185185184,3242.49609375,0.05128518491983414,128.0,18279316122268872,267330133564,ef3e11a97a3851b4635d477df1f28361d30271cf854344d46a523af6234a199e
166,0.27712854757929883,48613,7.145808219909668,14.284551620483398,254.0,38770,0.03589814814814815,26084,0.02415185185185185,3246.31494140625,0.04792870208621025,89.0,18279316122268872,267330133564,7028213c17f6b34c09630bbc99ab26e6ca13103b5256100f5fc9a8185f27039d
167,0.27879799666110183,48665,7.148051738739014,14.290783882141113,254.0,38874,0.03599444444444445,26174,0.024235185185185186,3248.777099609375,0.051180556416511536,108.0,18279316122268872,267330133564,1ef333a7d4a446a10e119f5cc9dc299fe4e069b5a3c79b28749897a2ed06aa7f
168,0.28046744574290483,48705,7.152111053466797,14.306105613708496,254.0,38938,0.036053703703703706,26239,0.02429537037037037,3252.8310546875,0.04685185104608536,91.0,18279316122268872,267330133564,17e4e8afe8329d188050d72de6ed78bd276edf008a5777d8cae45f02496776e9
169,0.28213689482470783,48747,7.156515598297119,14.322646141052246,254.0,38959,0.036073148148148146,26280,0.024333333333333332,3257.47998046875,0.043452776968479156,82.0,18279316122268872,267330133564,4ffc873d137a480920d867d667ff577a63fcbd74cb1cf63a91e3a3352101b60b
170,0.2838063439065108,48769,7.16034460067749,14.335763931274414,254.0,39038,0.036146296296296294,26386,0.02443148148148148,3261.43603515625,0.04625648260116577,90.0,18279316122268872,267330133564,6d927bf1ba5684618946ebd8e9ba907b1a5be2d187af74c18d7b79dbe8d522b8
171,0.2854757929883139,48779,7.163015842437744,14.346309661865234,254.0,39107,0.036210185185185186,26430,0.02447222222222222,3264.174072265625,0.04840648174285889,101.0,18279316122268872,267330133564,cb5483e21efd665171ac9c6241fb99056327eebb7fc0804d074402201b1419ad
172,0.2871452420701169,48838,7.164939880371094,14.349398612976074,254.0,39159,0.03625833333333333,26523,0.024558333333333335,3266.345947265625,0.05351296439766884,118.0,18279316122268872,267330133564,fa118b67741a68ea8f726f6bbdcee1b7102a56fb5bd6e9ff2678a6ca9a088252
173,0.2888146911519199,48878,7.168031692504883,14.357537269592285,254.0,39182,0.03627962962962963,26603,0.02463240740740741,3269.322998046875,0.04829537123441696,126.0,18279316122268872,267330133564,81b0ec68adc8a286bf87542e8dee79eae84af8c6afed8df1580b3a23b37070f5
174,0.2904841402337229,48889,7.170377731323242,14.36463451385498,254.0,39204,0.0363,26706,0.02472777777777778,3271.81201171875,0.04913148283958435,130.0,18279316122268872,267330133564,8338a75d70933b6a77d3062476dc977d936d83f3eaceef6893a4a8277822a489
175,0.2921535893155259,48904,7.173056602478027,14.368483543395996,254.0,39272,0.036362962962962965,26724,0.024744444444444444,3274.530029296875,0.051515739411115646,90.0,18279316122268872,267330133564,0f84d6792a78d845246f0f3718a5f316ed5bcebc559c6c8c99534bbc1fbb8116
176,0.2938230383973289,48880,7.176695346832275,14.3760986328125,254.0,39349,0.036434259259259257,26827,0.024839814814814815,3278.591064453125,0.049598149955272675,92.0,18279316122268872,267330133564,bb955f59cc77209195149a607be4403534b8dd2257a0cd1a6fe0f0761b4bf838
177,0.29549248747913187,48970,7.184580326080322,14.40359878540039,254.0,39454,0.036531481481481484,26912,0.024918518518518517,3286.45703125,0.05077037215232849,92.0,18279316122268872,267330133564,cfb3f545d7f0105c8a20aae4d7b99f68fa9d1c79cc80496a19a4f157ecc758fb
178,0.29716193656093487,49051,7.19225549697876,14.430959701538086,254.0,39644,0.03670740740740741,27023,0.025021296296296295,3294.580078125,0.05132314935326576,83.0,18279316122268872,267330133564,ac9bf2446dca81a4a409e23d4d59f35b3da4c098d121b93490827a03c7abc822
179,0.2988313856427379,49130,7.198806285858154,14.455343246459961,254.0,39769,0.036823148148148147,27129,0.025119444444444444,3301.60791015625,0.04930092766880989,72.0,18279316122268872,267330133564,a4e22cbc4326758c0304636f98fd9d63d967c6436452e9de11744cd9bbaa09f4
180,0.3005008347245409,49207,7.203230381011963,14.472363471984863,254.0,39831,0.036880555555555555,27218,0.02520185185185185,3306.138916015625,0.04865555465221405,86.0,18279316122268872,267330133564,82d1c7c2c05771b9a91874a039ce13c6005866c5c69d50da1bc6c5e71e7de706
181,0.3021702838063439,49238,7.2073140144348145,14.488469123840332,254.0,39868,0.03691481481481482,27341,0.02531574074074074,3310.407958984375,0.0487888902425766,82.0,18279316122268872,267330133564,d548ddb41ba494db4647911bf8749017f30075f8f07f5580ad860189d8b1bc2a
182,0.3038397328881469,49278,7.211556434631348,14.506244659423828,254.0,39938,0.036979629629629626,27384,0.025355555555555555,3314.6220703125,0.04985925927758217,97.0,18279316122268872,267330133564,f6feae400c41dc77ef4713200e9e938079830f7def68a806d9f9d1a2225babc4
183,0.3055091819699499,49326,7.215133190155029,14.519671440124512,254.0,39954,0.03699444444444445,27423,0.025391666666666667,3318.31591796875,0.04840092733502388,43.0,18279316122268872,267330133564,3f5b34dea37d94da27b6c7b0cab4aef3d07b60e7ebcd5c41a38f51a0d5029398
184,0.3071786310517529,49382,7.22023868560791,14.539949417114258,254.0,40047,0.037080555555555554,27524,0.025485185185185184,3323.512939453125,0.05091666802763939,115.0,18279316122268872,267330133564,8597ff0c69cf49998a8d7933f2fcc03d9c20aed046ef0b7801c2594092a04824
185,0.3088480801335559,49434,7.2253193855285645,14.560912132263184,254.0,40086,0.037116666666666666,27594,0.02555,3328.698974609375,0.04881389066576958,73.0,18279316122268872,267330133564,f7a6e0edf200bde4a4110e276b90a2af9f614b8e1229dfd1e8a3e654f5ac92da
186,0.3105175292153589,49438,7.229747295379639,14.577635765075684,254.0,40163,0.037187962962962964,27642,0.025594444444444444,3333.133056640625,0.04797592759132385,83.0,18279316122268872,267330133564,68b9f48f310e2d9229d5194e74c396db68478d4135c6bee13d875c1a0a64b35d
187,0.3121869782971619,49444,7.234200954437256,14.596094131469727,254.0,40216,0.037237037037037034,27676,0.025625925925925927,3337.887939453125,0.04662036895751953,85.0,18279316122268872,267330133564,200e1adc0b74769d3ede8af8f41d620c58ac9f7bd0fc701360b9ec7200f224be
188,0.31385642737896496,49482,7.2385640144348145,14.612764358520508,254.0,40260,0.03727777777777778,27765,0.025708333333333333,3342.2900390625,0.04761296138167381,79.0,18279316122268872,267330133564,c5b94fa6836893b8faea6cbfb7fb2062957353aeab6a6630b7fb5819fe115cbc
189,0.31552587646076796,49531,7.2427592277526855,14.629083633422852,254.0,40299,0.03731388888888889,27824,0.025762962962962963,3346.43896484375,0.04885833337903023,45.0,18279316122268872,267330133564,4ec8ccc5ff92eb55f31d9ee91e1cf0a6d99be08ceceab72c7bbaf7bb284a9996
190,0.31719532554257096,49532,7.245906352996826,14.642104148864746,254.0,40364,0.03737407407407407,27882,0.02581666666666667,3349.73388671875,0.04776203632354736,78.0,18279316122268872,267330133564,8a374114ea0748e956be0c589e1799ed39100cd369e1f56344c269d98c76d53d
191,0.31886477462437396,49569,7.249673366546631,14.657096862792969,254.0,40387,0.03739537037037037,27928,0.02585925925925926,3353.47705078125,0.04680740833282471,60.0,18279316122268872,267330133564,4afa432a53fdf8a392ab107f4611e1a726926099442fa47143ef063b0174d8b0
192,0.32053422370617696,49635,7.252666473388672,14.665992736816406,254.0,40447,0.03745092592592593,28003,0.025928703703703704,3356.39794921875,0.048867594450712204,97.0,18279316122268872,267330133564,b5bba40dc4744202913859fbc1e3ab6aacc9fede9c55e54cd569d7bb446fa9f0
193,0.32220367278797996,49654,7.254952907562256,14.67626953125,254.0,40471,0.03747314814814815,28073,0.02599351851851852,3358.743896484375,0.05331944301724434,93.0,18279316122268872,267330133564,fdfd13f0d2014236d590dfb2efb87adf9ea41d244dbb11ddab438a7cc9c4eed0
194,0.32387312186978295,49688,7.257417678833008,14.687409400939941,254.0,40521,0.037519444444444446,28092,0.02601111111111111,3361.30810546875,0.049638889729976654,76.0,18279316122268872,267330133564,6b855fc75d907e2a43a44721d258231037b4872829350f054f3ccecbf2ffe9f7
195,0.32554257095158595,49709,7.261801719665527,14.697351455688477,254.0,40637,0.03762685185185185,28273,0.026178703703703704,3365.843994140625,0.0582435168325901,93.0,18279316122268872,267330133564,47d16a3ecafda8810af4d7d6d5c37dfa372f68539e28632d3db54dca91ca1ef6
196,0.327212020033389,49719,7.265897274017334,14.704633712768555,254.0,40734,0.03771666666666667,28360,0.02625925925925926,3370.090087890625,0.056143518537282944,85.0,18279316122268872,267330133564,41ffa3c34530ab98f98c8b86992b7e151b03c89f52604e6723a60ac47afe652c
197,0.328881469115192,49719,7.269593715667725,14.713739395141602,254.0,40814,0.03779074074074074,28413,0.026308333333333333,3373.47607421875,0.049283333122730255,86.0,18279316122268872,267330133564,37495c026814a011fa88c56cfeda7ca09ae7ef30701295cb218732c2c48fc1bb
198,0.330550918196995,49933,7.285987854003906,14.76161003112793,254.0,41184,0.03813333333333333,28845,0.026708333333333334,3390.97607421875,0.0653500035405159,117.0,18279316122268872,267330133564,dfa0978cae68642b1a3719078e280a6586ff153b18d9c11011c30f206d3246f1
199,0.332220367278798,50060,7.289755344390869,14.769868850708008,254.0,41277,0.038219444444444445,29000,0.026851851851851852,3394.902099609375,0.05210277810692787,84.0,18279316122268872,267330133564,fa303cf83024b086bb45f0909d6e3c16f5ba68bac95252312c3172def2087172
200,0.333889816360601,50325,7.2991557121276855,14.793489456176758,254.0,41587,0.03850648148148148,29267,0.027099074074074074,3404.6259765625,0.05576851963996887,98.0,18279316122268872,267330133564,83a1453138104adad44c594aa85948867bdd85e04453422215e56ecaa7177f5f
201,0.335559265442404,50444,7.305594444274902,14.812792778015137,254.0,41705,0.03861574074074074,29435,0.02725462962962963,3411.2939453125,0.052287038415670395,93.0,18279316122268872,267330133564,74149816b05a5d994d7da138ede6fd608df963b9901940b6a0d53a74fcb8a1b6
202,0.337228714524207,50519,7.311169624328613,14.828056335449219,254.0,41841,0.03874166666666667,29525,0.027337962962962963,3417.02197265625,0.05287870392203331,105.0,18279316122268872,267330133564,3cb2fa261dbcc25f3a2b8041c72844f4decd93d92622f10b423ec145dafa7969
203,0.33889816360601,50560,7.314271450042725,14.837285041809082,254.0,41890,0.03878703703703704,29623,0.027428703703703705,3420.068115234375,0.056970369070768356,124.0,18279316122268872,267330133564,c0d79b0225727b7746ce01b6b9172669cfcddf847430a6d3ec2defa0b6e0265d
204,0.34056761268781305,50632,7.320453643798828,14.85649585723877,254.0,42031,0.038917592592592594,29742,0.02753888888888889,3426.304931640625,0.053260184824466705,91.0,18279316122268872,267330133564,17ccd30b25a06cdf71faaacc808c605446b21868163b9a5c037663111131bc26
205,0.34223706176961605,50703,7.326987266540527,14.878042221069336,254.0,42127,0.03900648148148148,29859,0.027647222222222222,3433.202880859375,0.05597222223877907,78.0,18279316122268872,267330133564,c28ffeb2a55930102d5fb863ab2fafc3588548d4450280f6bb22be90d3ee4d3b
206,0.34390651085141904,50740,7.332499980926514,14.89402961730957,254.0,42287,0.03915462962962963,30059,0.027832407407407406,3438.64599609375,0.05764629691839218,81.0,18279316122268872,267330133564,31d828e742b64342317bbfdf97c8e5b27a6a63c730ceb95540d968f64c79ec2c
207,0.34557595993322204,50765,7.339263916015625,14.912993431091309,254.0,42406,0.039264814814814815,30158,0.027924074074074073,3445.47900390625,0.0599953718483448,91.0,18279316122268872,267330133564,b5da157ebfec6106130f72888b45c8b03b6b9fb8548440d0a8a1e17cca67ad25
208,0.34724540901502504,50785,7.345045566558838,14.934139251708984,254.0,42489,0.039341666666666664,30240,0.028,3451.39501953125,0.055529627948999405,54.0,18279316122268872,267330133564,12aa6689985ca09c281199e7ffe47a34f9457d34b3b10d4297838d718e0e02ba
209,0.34891485809682804,50855,7.351308345794678,14.957379341125488,254.0,42561,0.03940833333333333,30346,0.02809814814814815,3457.824951171875,0.060370370745658875,72.0,18279316122268872,267330133564,6cebc262f70f67be64f23679ae214f98a4cdc0ff797ad9470b038acee5230fa1
210,0.35058430717863104,50856,7.350949764251709,14.9440336227417,254.0,42653,0.03949351851851852,30449,0.028193518518518517,3457.321044921875,0.0659046322107315,159.0,18279316122268872,267330133564,f83e681b5cc2d7c2df6c3ae609e852653d258d8df410568e58344b3657559be6
211,0.35225375626043404,51022,7.357973098754883,14.966795921325684,254.0,42822,0.03965,30610,0.028342592592592593,3464.376953125,0.05914166569709778,98.0,18279316122268872,267330133564,caeb26e8513a9917bc59780b6ee29ed248b60fd30d39d18956376ef2b533e473
212,0.35392320534223703,51074,7.365157604217529,14.989114761352539,254.0,42937,0.03975648148148148,30759,0.028480555555555554,3471.708984375,0.060793519020080566,125.0,18279316122268872,267330133564,9fc0e6392ae3400d432ca712640dad7e65568e100cd0c81ce04dba7fe628d4c3
213,0.3555926544240401,51211,7.370016574859619,15.002676963806152,254.0,43149,0.039952777777777775,30963,0.028669444444444445,3476.738037109375,0.06243889033794403,78.0,18279316122268872,267330133564,bc77bf4271bd14713e05512ea889e030a86a5d86018a7a177e5635b862ea14e2
214,0.3572621035058431,51342,7.374451160430908,15.017277717590332,254.0,43316,0.040107407407407404,31096,0.028792592592592592,3481.44189453125,0.06215647980570793,117.0,18279316122268872,267330133564,228ca73e1addf45c046ffbb6b30cd9815a461d6e1fbb1cf0fcfaaac97dd163ff
215,0.3589315525876461,51511,7.378857612609863,15.033041954040527,254.0,43254,0.04005,31272,0.028955555555555554,3485.966064453125,0.06276018172502518,68.0,18279316122268872,267330133564,c4c07b64403801662d7c6fcc5f5588ee7016fe5da55fcf6fd3371375f227ea31
216,0.3606010016694491,51739,7.38506555557251,15.047910690307617,254.0,43287,0.04008055555555556,31520,0.029185185185185186,3492.111083984375,0.06658981740474701,113.0,18279316122268872,267330133564,b6998ce28d9634f7d3ef34b89b189c41c3ce70423aae82d7175309b68da2e713
217,0.3622704507512521,51863,7.390232563018799,15.067089080810547,254.0,43259,0.04005462962962963,31816,0.029459259259259258,3497.85888671875,0.07142963260412216,111.0,18279316122268872,267330133564,c68863a12c27a437aa789dd8c41892217f7ba705372e4d02b1ea7e10549a124d
218,0.3639398998330551,51927,7.397411823272705,15.092550277709961,254.0,43300,0.04009259259259259,31956,0.02958888888888889,3505.35205078125,0.062300000339746475,92.0,18279316122268872,267330133564,e6ea7235f1fa02f5227f984da5966db14e52639ceca7f03d735bd1ed563c1353
219,0.3656093489148581,51985,7.401987075805664,15.106801986694336,254.0,43388,0.04017407407407408,32081,0.02970462962962963,3509.81396484375,0.06491759419441223,86.0,18279316122268872,267330133564,6a8e9a602e5ec53f45b00a11abbdc1fb4d2cfead48edce06bc24fc3f77a3bea2
220,0.3672787979966611,52085,7.40876579284668,15.12977123260498,254.0,43548,0.040322222222222225,32281,0.029889814814814814,3516.9208984375,0.0680064782500267,132.0,18279316122268872,267330133564,757415d2f5a317274288e81b0469c5115f034021025178344a1a35f1820b013c
221,0.36894824707846413,52299,7.417873382568359,15.16105842590332,254.0,43748,0.04050740740740741,32500,0.03009259259259259,3526.672119140625,0.0713685154914856,106.0,18279316122268872,267330133564,3034f83b0f9b2adb2eccebe9e90ae448a660785974c61f0b50ea237fd4ab0cff
222,0.37061769616026713,52553,7.427792549133301,15.195311546325684,254.0,44014,0.0407537037037037,32782,0.030353703703703702,3537.158935546875,0.07190833240747452,109.0,18279316122268872,267330133564,0ec59e4156a9063cc2016d92b7eb85fc89ca721ddc50a4a2cf44aedb4cea8de9
223,0.3722871452420701,52753,7.437448024749756,15.225333213806152,254.0,44233,0.04095648148148148,33059,0.030610185185185185,3547.556884765625,0.07458333671092987,86.0,18288112215291080,267330133564,51e81cec00d8226d0304a4c90f08fd2e31b839fd7e61dc521060439ed2ba60b0
224,0.3739565943238731,52899,7.4461870193481445,15.253297805786133,254.0,44357,0.04107129629629629,33222,0.03076111111111111,3556.551025390625,0.06750555336475372,112.0,18288112215291080,267330133564,86d75b5cf1670525ded76286320927002d54c04b296b71b3e78d9a05d348888a
225,0.3756260434056761,53020,7.452088832855225,15.273388862609863,254.0,44431,0.04113981481481482,33410,0.030935185185185184,3562.64111328125,0.06824629753828049,113.0,18288112215291080,267330133564,af5f998271f262d9bf98ba8f0107fe3ea3ed26de47e672461ec0033aaf500c22
226,0.3772954924874791,53129,7.459455490112305,15.298627853393555,254.0,44541,0.04124166666666667,33579,0.031091666666666667,3570.592041015625,0.07115185260772705,105.0,18288112215291080,267330133564,d860b8feac41a6c1ba0ce77e331ef58b5c6f9ed4aa639012d2f8f0c3f2f438cb
227,0.3789649415692821,53201,7.466573238372803,15.321293830871582,254.0,44708,0.0413962962962963,33700,0.031203703703703702,3578.029052734375,0.06869351863861084,106.0,18288112215291080,267330133564,e6239472fd06ef270dedcaedc9cb564b1c4969e4d18f1f371a7c39c08bee812e
228,0.3806343906510851,53282,7.473743438720703,15.346339225769043,254.0,44817,0.04149722222222222,33841,0.031334259259259256,3585.531005859375,0.06912963092327118,108.0,18288112215291080,267330133564,61f0cae6aadd57fa1d84461392a9b4a04887828768a8e90daae4ae242b053b4e
229,0.3823038397328882,53328,7.481246471405029,15.371886253356934,254.0,44981,0.041649074074074074,34006,0.031487037037037036,3593.241943359375,0.0697009265422821,93.0,18288112215291080,267330133564,8e862e686917f44f1e76a71a8bb5b9d4b17ace37856a60a14b7d2d26b70edad1
230,0.38397328881469117,53401,7.487053871154785,15.395920753479004,254.0,45072,0.04173333333333333,34153,0.03162314814814815,3599.366943359375,0.06854815036058426,71.0,18288112215291080,267330133564,a9a8ceb6deecc3f11c845e95b88da33312cb3ddecca180eed405011976beb615
231,0.38564273789649417,53449,7.493284225463867,15.415689468383789,254.0,45203,0.04185462962962963,34274,0.031735185185185186,3605.884033203125,0.07048796117305756,108.0,18288112215291080,267330133564,eea21307e64135293633b6284e8228313aaba24e9aeafd5b359f1bdbf235a5d4
232,0.38731218697829717,53523,7.499351978302002,15.437793731689453,254.0,45301,0.04194537037037037,34379,0.031832407407407406,3612.135986328125,0.06752685457468033,111.0,18288112215291080,267330133564,ab525bf626bf86f7e7edd14f345158f382759547f6bfef8550797edff860ea39
233,0.38898163606010017,53588,7.504206657409668,15.453510284423828,254.0,45420,0.042055555555555554,34539,0.031980555555555554,3617.31005859375,0.07055648416280746,91.0,18288112215291080,267330133564,6c5b633b4f6832882b59952dfa27e2c88d4df384b5f8ff048cb54f7229840321
234,0.39065108514190316,53623,7.508668422698975,15.470017433166504,254.0,45496,0.04212592592592593,34707,0.03213611111111111,3621.991943359375,0.07135277986526489,103.0,18288112215291080,267330133564,39790e105899bf24709f05a88f18a2b7b67e05d0944ee982a9ee357c21374336
235,0.39232053422370616,53800,7.516324996948242,15.49830150604248,254.0,45683,0.04229907407407407,34889,0.03230462962962963,3630.154052734375,0.07297500222921371,108.0,18288112215291080,267330133564,787f20beb689e7d5f38a0f582b65e67ccf30ea04f2a445ad27ca6c13ef50d265
236,0.39398998330550916,53924,7.523270606994629,15.52441120147705,254.0,45799,0.04240648148148148,35060,0.032462962962962964,3637.4580078125,0.07260462641716003,119.0,18288112215291080,267330133564,b1e4fd4a319eb3e6c2a7b8b5f2d98707dc7db29cd383984fe9424202f87f318c
237,0.39565943238731216,54007,7.529286861419678,15.547628402709961,254.0,45900,0.0425,35145,0.03254166666666667,3643.77587890625,0.06944259256124496,99.0,18288112215291080,267330133564,4340094160a33d9c6818eb5df7ef5e272fca02f762f1b4d9ea8b55078ec2d00c
238,0.3973288814691152,54030,7.534094333648682,15.565375328063965,254.0,45920,0.04251851851851852,35195,0.032587962962962964,3648.637939453125,0.06924629956483841,66.0,18288112215291080,267330133564,e9af0b31ca016d94de866660caa11bfa6018f024f39456f8145a6c8b992449c9
239,0.3989983305509182,54058,7.539344310760498,15.586813926696777,254.0,45992,0.042585185185185184,35282,0.03266851851851852,3654.052978515625,0.06788518279790878,89.0,18288112215291080,267330133564,79bd8855b91aa984cbf38abfc398f4f2dfe01546671e2fa1359cc9beb70b400e
240,0.4006677796327212,54128,7.544064044952393,15.604022026062012,254.0,46073,0.04266018518518518,35440,0.03281481481481482,3659.15087890625,0.07344166934490204,71.0,18252927843202248,267330133564,7ad23d1aacc0b463ede46994e5ce6011b2ba0b5ae0bc015d22dc5dbb01ea6536
241,0.4023372287145242,54156,7.549881458282471,15.626276969909668,254.0,46166,0.042746296296296296,35589,0.032952777777777775,3665.09912109375,0.07184166461229324,66.0,18252927843202248,267330133564,e6763851f29401d906ca2d6656d063935b9cd3cfffab6a1b2f0bf3b418d3bd2a
242,0.4040066777963272,54178,7.554797172546387,15.646553039550781,254.0,46189,0.04276759259259259,35707,0.033062037037037036,3670.199951171875,0.07206759601831436,84.0,18252927843202248,267330133564,9d7f99b6c1b1c6414a39878f39a996babe2120edc858c4b86c48b7bd03d195db
243,0.4056761268781302,54199,7.557879447937012,15.659347534179688,254.0,46296,0.042866666666666664,35870,0.033212962962962965,3673.404052734375,0.07248426228761673,132.0,18252927843202248,267330133564,475b95aa6c8cf80ee56fec82a2030a75e42940446a0c477322aa98c465ca4190
244,0.4073455759599332,54250,7.56287145614624,15.671697616577148,254.0,46391,0.04295462962962963,35996,0.03332962962962963,3678.4599609375,0.07868240773677826,115.0,18252927843202248,267330133564,52acf1a675966771eb22c61e5a4bf4c31ce44d9d12ec07a021d39b30044e18e5
245,0.4090150250417362,54323,7.569299221038818,15.695562362670898,254.0,46500,0.043055555555555555,36114,0.033438888888888886,3685.197998046875,0.07277221977710724,97.0,18252927843202248,267330133564,55b4ebc0c89199c9fc5852784a37a89c398b0a11ef138cbb41abd30cdfd412f1
246,0.41068447412353926,54392,7.5744547843933105,15.713661193847656,254.0,46561,0.04311203703703704,36245,0.033560185185185186,3689.866943359375,0.0740722194314003,132.0,18252927843202248,267330133564,f38da7a6b8799358923249874aa960f780487cd0f2c963c87b2ec2242845bd28
247,0.41235392320534225,54522,7.579687118530273,15.718012809753418,254.0,46701,0.043241666666666664,36459,0.033758333333333335,3693.287109375,0.0825805589556694,116.0,18252927843202248,267330133564,fb5f2602123c63351985faa09a8a6c8fbf967dd7b8e14c3ecd9677966ae2ed0b
248,0.41402337228714525,54625,7.586247444152832,15.727415084838867,254.0,46768,0.043303703703703705,36742,0.03402037037037037,3697.73193359375,0.08085833489894867,140.0,22756527470572744,267330133564,773f8ac94882101223bea8d176d1438b2ab301fb71567df7dd111c1bfd6cfd08
249,0.41569282136894825,54835,7.598170280456543,15.745086669921875,254.0,47017,0.04353425925925926,37033,0.034289814814814815,3707.3330078125,0.08140092343091965,107.0,22756527470572744,267330133564,75406656247fe29294338f1fc9d84e815b45531480806e9d7eeaaf26a01e06fd
250,0.41736227045075125,55016,7.614717483520508,15.77735710144043,254.0,47254,0.043753703703703704,37346,0.03457962962962963,3722.08203125,0.0824231505393982,121.0,22756527470572744,267330133564,a622184d02bed313727842cc4573cb7d5c4e642844fd21ad49afa084ed5b6362
251,0.41903171953255425,55166,7.629028797149658,15.807445526123047,254.0,47460,0.043944444444444446,37582,0.03479814814814815,3734.62109375,0.0807870402932167,135.0,22756527470572744,267330133564,f38aa60cccdeb49ea8b8af4e9f431f6602d409e023220cd360882347369d4efd
252,0.42070116861435725,55271,7.640399932861328,15.824256896972656,254.0,47629,0.044100925925925925,37868,0.03506296296296296,3743.8740234375,0.0829564779996872,111.0,22756527470572744,267330133564,02fd0a4fcf7fb93445b575d6eeb0b6912b43154e31d64cfdf4bcd47347e1b819
253,0.42237061769616024,55373,7.648110389709473,15.831273078918457,254.0,47776,0.04423703703703704,38150,0.03532407407407408,3749.6201171875,0.0807972252368927,110.0,22756527470572744,267330133564,bd0e8bce4d0b158634977bdf5a03789e83f598f271936f88f2e5c94b5e4cb44f
254,0.4240400667779633,55589,7.66408634185791,15.857278823852539,254.0,48021,0.044463888888888886,38447,0.035599074074074075,3762.9609375,0.0866907387971878,159.0,22756527470572744,267330133564,cb04afe94699729324ad18ed6708a08558483fa8157bed625401659e8b1b34a8
255,0.4257095158597663,55758,7.67839241027832,15.87376880645752,254.0,48298,0.04472037037037037,38763,0.03589166666666667,3774.594970703125,0.08556203544139862,132.0,22756527470572744,267330133564,e98b83934f27e899990b0db89fb4b99ef74e2cf82da8aac93f1d2547eadbf92c
256,0.4273789649415693,55880,7.684247970581055,15.875861167907715,254.0,48398,0.044812962962962964,38975,0.03608796296296296,3778.656005859375,0.08346296101808548,138.0,22756527470572744,267330133564,2cd47a7b07098b7772874697fc4cee5b167adce71d15c4b642973c42c7d9dad4
257,0.4290484140233723,56007,7.692532539367676,15.884814262390137,254.0,48569,0.044971296296296294,39299,0.03638796296296296,3785.044921875,0.08427499979734421,128.0,22756527470572744,267330133564,bb670d67c37e7975e74a169b3a3424359dac9c24ff2f27f43cd1918fc581824c
258,0.4307178631051753,56030,7.697201728820801,15.883606910705566,254.0,48677,0.0450712962962963,39460,0.036537037037037035,3788.31591796875,0.08453425765037537,95.0,22756527470572744,267330133564,f7f149822bfdb8e908bf9d6fa85f5f16b317a77dbec108207ede97b5bdc4943a
259,0.4323873121869783,56043,7.7023749351501465,15.887151718139648,254.0,48800,0.04518518518518518,39675,0.03673611111111111,3792.39208984375,0.08107499778270721,94.0,22756527470568648,267330133564,b1d8ffddadf12805e1e73ecb555c64904ae7629daffd37d614d06b25196236d7
260,0.4340567612687813,56204,7.715536117553711,15.90168285369873,254.0,48984,0.04535555555555556,40000,0.037037037037037035,3803.193115234375,0.09065370261669159,101.0,22756527470568648,267330141756,a0ef1188c2d39bd020f7c29cad1626fb5542ab8b0ee4548f3f143241a9c31164
261,0.4357262103505843,56399,7.729964733123779,15.919645309448242,254.0,49288,0.04563703703703704,40371,0.037380555555555556,3815.35302734375,0.09175092726945877,104.0,22756527470568648,267330141756,b901bec262b9334ad97906ecc93f3224bcf2f7059ebdffa3fceeb36d4bf74d44
262,0.4373956594323873,56560,7.748308181762695,15.945734977722168,254.0,49571,0.04589907407407407,40785,0.03776388888888889,3830.929931640625,0.09570092707872391,114.0,22756527470568648,267330141756,2058e8d2205eac9600f8515a616910fab996da3b38455df799ba78d0ec29f469
263,0.43906510851419034,56624,7.758220195770264,15.959836959838867,254.0,49747,0.04606203703703704,40981,0.03794537037037037,3839.319091796875,0.089576855301857,139.0,22756527470568648,267330141756,e7f46a3b27f82a2e39da8f073ea2abfc4fd0e7418681a7a9bfc63a6ddb66f845
264,0.44073455759599334,56743,7.770126819610596,15.974034309387207,254.0,50010,0.04630555555555556,41308,0.03824814814814815,3849.321044921875,0.09575647860765457,108.0,22756527474762952,267330141756,ab3c3ccef330a4c5a9af0a7689829bce0f0ad01807606a4485eb6131addaa073
265,0.44240400667779634,56931,7.785760879516602,15.997445106506348,254.0,50289,0.04656388888888889,41634,0.03855,3862.68798828125,0.09920648485422134,104.0,22756527474762952,267330141756,5486d4e2064aab819de9eba5a6953c51aaa34c265556b8dbda4d786713473f68
266,0.44407345575959933,57068,7.799073219299316,16.01472282409668,254.0,50485,0.04674537037037037,41982,0.038872222222222225,3873.806884765625,0.09979907423257828,112.0,22756527474762952,267330141756,f680fe22d835724dbb68a3416430fc30657678cc76463744199eb41973f5f1ea
267,0.44574290484140233,57189,7.810064792633057,16.027843475341797,254.0,50728,0.04697037037037037,42278,0.0391462962962963,3883.007080078125,0.10018610954284668,103.0,22756527474762952,267329613880,ca921d92c0e0c992063d0a77ce8ae3fc2cdd9245d23402166d3aa4ec8d693dfb
268,0.44741235392320533,57208,7.816995143890381,16.037378311157227,254.0,50839,0.04707314814814815,42476,0.03932962962962963,3888.465087890625,0.09184907376766205,124.0,22756527474762952,267329613880,ff20e5300dba69bfef0d01dad1fe257a99e6bbc5f4af2bbee4f7474b5c5d2115
269,0.44908180300500833,57362,7.826506614685059,16.05112075805664,254.0,50954,0.04717962962962963,42645,0.03948611111111111,3896.10009765625,0.09565185010433197,90.0,22756527474762952,267329614392,9f38a967641414ca46317e571d01f367171249c9e7ea5c2f15366bee72329871
270,0.4507512520868113,57495,7.8399176597595215,16.073745727539062,254.0,51127,0.047339814814814814,42932,0.03975185185185185,3907.554931640625,0.09745925664901733,118.0,22756527474762952,267329614392,0fd19bc69fb193e5642e122ea3e1547d017a765079deb6b667975d9f0d1bf0fa
271,0.4524207011686144,57608,7.849321365356445,16.09096908569336,254.0,51274,0.04747592592592593,43184,0.039985185185185186,3915.72412109375,0.09145185351371765,131.0,22756527474762952,267329614392,be42ff2c43fa5a66ad1fa166b2954a5720641b1c66845114374452e6fc8e4db9
272,0.4540901502504174,57676,7.85828971862793,16.10597801208496,254.0,51392,0.04758518518518518,43375,0.04016203703703704,3923.47705078125,0.09129629284143448,137.0,22756527474762952,267329614392,6d17aafee6716ec9230f7657de352eb3f4a0a0bcf31c24684052b75cf566c0db
273,0.4557595993322204,57839,7.872272968292236,16.123817443847656,254.0,51645,0.04781944444444444,43695,0.04045833333333333,3934.806884765625,0.09888333082199097,128.0,22756527474762952,267329614392,767c965d141764a50db55e72c702958a0734a7aae424d2df48c69c5550e4c92f
274,0.4574290484140234,58006,7.887378692626953,16.148603439331055,254.0,51870,0.04802777777777778,43973,0.04071574074074074,3948.156982421875,0.10040370374917984,115.0,22756527474762952,267329614392,11d20e639f77cdbc0e539ea15fa9be095584d95ded07e1996761ad443bdfd15f
275,0.4590984974958264,58176,7.896578788757324,16.162490844726562,254.0,52034,0.04817962962962963,44197,0.040923148148148146,3955.861083984375,0.0931018516421318,100.0,22756527474762952,267329614392,744c46307c30735142e4e64f4e0986878c6cad072a041845485b08745b8a1ccf
276,0.4607679465776294,58283,7.905991554260254,16.179868698120117,254.0,52164,0.0483,44395,0.04110648148148148,3964.1689453125,0.09076481312513351,102.0,22756527474762952,267329614392,799e8b549dbcb5a2ca9eb574b702ac80a00cd0b9b49df89aee523bc18da8469e
277,0.46243739565943237,58562,7.922248840332031,16.20462989807129,254.0,52447,0.048562037037037036,44750,0.041435185185185186,3977.98291015625,0.1006055548787117,116.0,22756527483151560,267329614392,f4a350029ba0ece60dde6c7e7985ad14dbe86d29df196a485b4c54cd7275d410
278,0.46410684474123537,58765,7.931775093078613,16.226045608520508,254.0,52591,0.04869537037037037,44972,0.04164074074074074,3986.485107421875,0.0940796285867691,111.0,22756527483151560,267329614392,446bd7621ffa8367076dfb85d30cc47df9362317dad7394eac7b376546f87421
279,0.4657762938230384,58832,7.9417195320129395,16.246530532836914,254.0,52751,0.048843518518518515,45119,0.04177685185185185,3995.278076171875,0.09543703496456146,110.0,22756527483151560,267331711544,9242a8197b78e5b3c3db17dfd736e7668fd82d38139a81b89ba3c97d911a575c
280,0.4674457429048414,58977,7.950822353363037,16.264930725097656,254.0,52863,0.048947222222222225,45294,0.04193888888888889,4003.052001953125,0.09336018562316895,100.0,22756527483151560,267331711544,e836032163d2e5636c1cfc962bbbe4ad9794757085f099308b02b356a7068160
281,0.4691151919866444,59122,7.965274810791016,16.29591178894043,254.0,53088,0.049155555555555557,45586,0.04220925925925926,4016.030029296875,0.09834907203912735,108.0,22756527483151560,267331711544,a0aa821d06cba921497aea52638ebe8660437e90fc3fc041cb099bbaecdfedb4
282,0.4707846410684474,59242,7.983098983764648,16.336824417114258,254.0,53331,0.04938055555555555,45831,0.04243611111111111,4032.573974609375,0.10146111249923706,124.0,22756527483151560,267331711544,c19c693933f9452490092e9135c4555592f0b5d531d14b8a1d87b082e6b39e55
283,0.4724540901502504,59348,7.994065761566162,16.360897064208984,254.0,53512,0.04954814814814815,46068,0.04265555555555556,4042.408935546875,0.09626666456460953,93.0,22756527481054408,267331711544,113afec32a8860f3f57a0c72470a22a96d628c232e7257d51d3be8ae5e966fe7
284,0.4741235392320534,59450,8.006166458129883,16.389846801757812,254.0,53655,0.049680555555555554,46293,0.04286388888888889,4053.3359375,0.0973009243607521,128.0,22756527481054408,267331711544,2015cd19c51c9a39062bd543e2eb6cc8fc4d2e9c94c997f3c94621eadf9df8f0
285,0.4757929883138564,59565,8.021854400634766,16.414146423339844,254.0,53887,0.04989537037037037,46683,0.043225,4066.5859375,0.10690463334321976,138.0,22756527481054408,267331711544,bca64265edae9c79d8f1efc9994474af9b56b4cb8bb7a29486aa27517beb7e9c
286,0.4774624373956594,59606,8.030435562133789,16.43760871887207,254.0,53985,0.04998611111111111,46809,0.04334166666666667,4074.468994140625,0.09841203689575195,117.0,22756527481054408,267331711544,0f9eef4df1a4cd9ef23328a4d8f406e94f7448c91e1ed9924306046960f51b8c
287,0.4791318864774624,59689,8.032851219177246,16.435606002807617,254.0,54111,0.05010277777777778,46950,0.043472222222222225,4075.8349609375,0.09866203367710114,107.0,22756527481054408,267331711544,af6668a2d36de65b6908d95f147ffa1e8d8006b33ee1d445d41a6b96f6fc6e89
288,0.48080133555926546,59742,8.041314125061035,16.457965850830078,254.0,54202,0.05018703703703704,47115,0.043625,4083.60498046875,0.09739259630441666,142.0,22756527481054408,267331711544,0e0b33e7c686d75f90f9193ac4148c2e81b864065b4855456502778f0fa53b5f
289,0.48247078464106846,59798,8.049678802490234,16.47870445251465,254.0,54306,0.05028333333333333,47293,0.043789814814814816,4091.2490234375,0.09353888779878616,110.0,22756527481054408,267331711544,3891d411677fdfdc88f12d56a22eaae11140b26e3f08d8fd8143afae60ec6a41
290,0.48414023372287146,59870,8.056787490844727,16.49144744873047,254.0,54404,0.05037407407407407,47418,0.04390555555555556,4097.26318359375,0.09402962774038315,105.0,22756527481054408,267331711544,43cbf793190b35e0490caa47b7b7a455f98336541563db31d2d9abbbeecbf976
291,0.48580968280467446,59997,8.061891555786133,16.504106521606445,254.0,54491,0.05045462962962963,47511,0.043991666666666665,4101.662109375,0.09611481428146362,101.0,22756527481054408,267335905848,640a78d30e667b80e649365a6f58fec66cec26173dd844fbef46c0e64dee8144
292,0.48747913188647746,60014,8.0646390914917,16.512004852294922,254.0,54527,0.050487962962962964,47709,0.044175,4103.7861328125,0.09698796272277832,150.0,22756527481054408,267335905848,62a5f65f33a8f4a2a264eb1b51c7875c61fc9e9bce02719fb74d1dd61e21f221
293,0.48914858096828046,60109,8.07314395904541,16.534780502319336,254.0,54613,0.050567592592592595,47863,0.044317592592592596,4111.47216796875,0.095182403922081,112.0,22756527481054408,267335905848,ccf4510c0283ba9626c040618e930b973611e2d0c63bb51742b99be9ddbd6f19
294,0.49081803005008345,60097,8.083963394165039,16.561561584472656,254.0,54791,0.05073240740740741,48035,0.04447685185185185,4121.376953125,0.10213425755500793,129.0,22756527481054408,267335905848,f59926b2b4b7c121b967d6bb86b34e57eaf3a4423becd0f45e6431c39e1dc898
295,0.49248747913188645,60230,8.092966079711914,16.58346939086914,254.0,54933,0.05086388888888889,48226,0.0446537037037037,4129.2919921875,0.0960564836859703,108.0,22756527481054408,267335905848,172846f24267729a336e29867ca50925453dc256c1f139b0385e48dcfd799dc1
296,0.4941569282136895,60331,8.102694511413574,16.605802536010742,254.0,55048,0.05097037037037037,48438,0.04485,4137.7080078125,0.09494351595640182,107.0,22756527481054408,267335905848,37d41aaed230c3e775150dceee3f0d62eb1526f4d38f738a6aa0be443f23aa6f
297,0.4958263772954925,60596,8.124922752380371,16.645099639892578,254.0,55355,0.05125462962962963,48829,0.04521203703703704,4156.55810546875,0.10791203379631042,123.0,22756527481054408,267335905848,52cff7fdd2e2f93245e093f1b7a712d49af2710eb8cd4eb44b7c16e22cad32f5
298,0.4974958263772955,60861,8.135242462158203,16.66768455505371,254.0,55505,0.05139351851851852,49073,0.045437962962962965,4165.31494140625,0.09652315080165863,118.0,22756527481054408,267335905848,5cd740a3d95e8f876489f8d6ff414ee046f22971037b7c13c00a8de7d2b43a98
299,0.4991652754590985,61114,8.148011207580566,16.69304847717285,254.0,55679,0.05155462962962963,49295,0.04564351851851852,4176.06689453125,0.10017592459917068,132.0,22756527481054408,267335905848,f87b70ee2369ea418e8f5541de72c20910c724fc50167899d4c6f116f0ed16c0
300,0.5008347245409015,61180,8.157793045043945,16.71272087097168,254.0,55772,0.051640740740740744,49515,0.04584722222222222,4184.3662109375,0.09839259088039398,86.0,22756527481054408,267335905848,ee190c9cbfa3c1a6ef17e53cb44e01785f5ccb9cf3181f5e1ac1e147ca461191
301,0.5025041736227045,61366,8.167306900024414,16.730356216430664,254.0,55972,0.05182592592592593,49718,0.046035185185185186,4192.22021484375,0.09833426028490067,117.0,22756527481054408,267335905848,cef4ff512e6f3939b271f1324f9fa708cb8376cd86777c1b479580320f8e7316
302,0.5041736227045075,61571,8.181896209716797,16.761728286743164,254.0,56144,0.05198518518518518,50028,0.04632222222222222,4204.30615234375,0.10486388951539993,135.0,22756527481054408,267335905848,2d8ae4aaedebf80f6fff95f1425147bfafd9cecdbd4fe4c5496a25619dc309f5
303,0.5058430717863105,61676,8.194673538208008,16.79338836669922,254.0,56332,0.05215925925925926,50189,0.046471296296296295,4215.94921875,0.10310092568397522,118.0,22756527481054408,267335905848,a8129e0c7a0c81918ce7961d0a08f55716698253cbb531ab5a6ad75247cf20d7
304,0.5075125208681135,61777,8.204876899719238,16.817644119262695,254.0,56458,0.05227592592592593,50428,0.04669259259259259,4224.68701171875,0.10077222436666489,99.0,22756527481087176,267335905848,918fb544b51d86797a1868f21000c8b92bc373cf891438181631d7c0207ed29a
305,0.5091819699499165,61829,8.214059829711914,16.843679428100586,254.0,56543,0.05235462962962963,50528,0.04678518518518519,4233.296875,0.09902777522802353,97.0,22756527481087176,267335905848,bd0b1c46be38f2e2f308c561297ecc2c3f2a711fe25b59f17072740635a6e32e
306,0.5108514190317195,61961,8.224401473999023,16.872406005859375,254.0,56665,0.05246759259259259,50656,0.046903703703703704,4242.93212890625,0.0978342592716217,98.0,22756527481087176,267335905848,5ba6ad574b51802e802aa90cfc36959c691bcc502fa51b357463e97872b9d9a3
307,0.5125208681135225,62036,8.233724594116211,16.89771842956543,254.0,56797,0.05258981481481481,50795,0.047032407407407405,4251.76220703125,0.09959352016448975,88.0,22756527481087176,267335905848,f4fdfc552704d07be53d7da5a00d0ee2cc5104501d66619ba93aa2d3699f3435
308,0.5141903171953256,62124,8.242371559143066,16.920665740966797,254.0,56923,0.05270648148148148,50934,0.04716111111111111,4259.5849609375,0.10045184940099716,85.0,22756527481087176,267335905848,10f20d43cc18be72c69d481244ed59968acbc57714043f2ec3496ade5f607ff0
309,0.5158597662771286,62292,8.25186538696289,16.94180679321289,254.0,57063,0.05283611111111111,51118,0.04733148148148148,4268.02099609375,0.10394629836082458,99.0,22756527481087176,267335905848,beab4d17776d68fedb94b0ee1a4ed1a4e42f01ee6c29c882340080b225301be3
310,0.5175292153589316,62447,8.262216567993164,16.963529586791992,254.0,57180,0.05294444444444445,51356,0.04755185185185185,4277.05615234375,0.10260462760925293,90.0,22756527481087176,267335905848,fb073efc3cd18d5fc5ba5daaed785ca9478cfc36bf715c3c6f50759236d143b2
311,0.5191986644407346,62478,8.268648147583008,16.978662490844727,254.0,57236,0.0529962962962963,51464,0.047651851851851855,4283.1748046875,0.09909259527921677,93.0,22756527481087176,267335905848,c4f5acc7f11a4cc3d4653c9bc1f4a7f8e3e24a93b38f36c19b3ec0d4df0d4062
312,0.5208681135225376,62477,8.274447441101074,16.993112564086914,254.0,57338,0.053090740740740744,51587,0.04776574074074074,4288.4638671875,0.09353240579366684,117.0,22756527481087176,267335905848,caed7208ebe5e29277ee311d69ca5c12654dc2e09e056936d2191a4528bc1db6
313,0.5225375626043406,62483,8.279897689819336,17.006505966186523,254.0,57393,0.05314166666666666,51644,0.04781851851851852,4293.60595703125,0.09709444642066956,69.0,22756527481087176,267335905848,24cd88748bad5c806e77f7ef18db508bdc86ad47c6239d6b9c0efe0399a33de3
314,0.5242070116861436,62551,8.281485557556152,17.005464553833008,254.0,57535,0.053273148148148146,51800,0.047962962962962964,4294.5498046875,0.10623610764741898,123.0,22756527481087176,267335905848,4fc9aa037c606034bdaa80d82bd0ade86c49378998e920b824fe668e45ba50f5
315,0.5258764607679466,62475,8.284396171569824,17.00395965576172,254.0,57583,0.05331759259259259,51928,0.04808148148148148,4296.89013671875,0.10202962905168533,149.0,22756527481087176,267335905848,7f92ffb783834fae26e8a58c888cfe5c55e45438765b18e7cca4edd91f4c5146
316,0.5275459098497496,62461,8.291414260864258,17.020111083984375,254.0,57613,0.05334537037037037,52034,0.04817962962962963,4303.35693359375,0.09942129999399185,97.0,22756527481087176,267335905848,6137aa0e58621130e14cd57a1d098560e15b22f88431e6e0dcca55b623d61334
317,0.5292153589315526,62529,8.29633903503418,17.030717849731445,254.0,57750,0.05347222222222222,52188,0.048322222222222225,4307.90185546875,0.09596944600343704,92.0,22756527481087176,267335905848,27404ea3a3a9473b35687d8f09fee93589948a3d6054de578c80e73f99415e35
318,0.5308848080133556,62549,8.300990104675293,17.041810989379883,254.0,57802,0.05352037037037037,52218,0.04835,4312.06298828125,0.09809722006320953,84.0,22756527481087176,267335905848,4a9cf68d216d8b3585200d0a3c6bbb5a17a5951529da3d4d277c4523106b7275
319,0.5325542570951586,62537,8.305452346801758,17.052310943603516,254.0,57894,0.05360555555555555,52268,0.0483962962962963,4316.1572265625,0.09537036716938019,72.0,22756527481087176,267335905848,1458ed76649270ebd3631409c18ecb3702ffddbf532d580f3da0eeca0868e315
320,0.5342237061769616,62629,8.310617446899414,17.063907623291016,254.0,58002,0.053705555555555555,52385,0.04850462962962963,4320.67578125,0.10108703374862671,72.0,22756527481087176,267336430136,bf02cbfb4e0497de9a8d0d335007f639fd9b3914985d245f5b5315b104057f92
321,0.5358931552587646,62618,8.315095901489258,17.07669448852539,254.0,58060,0.05375925925925926,52505,0.048615740740740744,4324.87890625,0.10304722189903259,120.0,22756527481087176,267336430136,d2fb920aa24b0f7bdf14eed793a64ae8aa0111255a42c7e73346bd9401440d13
322,0.5375626043405676,62623,8.319853782653809,17.088014602661133,254.0,58126,0.05382037037037037,52571,0.04867685185185185,4329.23193359375,0.09785370528697968,53.0,22756527481087176,267336430136,721f8c7aee526e0836cc1287269a8991242e12b66a968e63860be5af020b37fa
323,0.5392320534223706,62674,8.325754165649414,17.098981857299805,254.0,58195,0.05388425925925926,52749,0.048841666666666665,4334.18798828125,0.10085462778806686,111.0,22756527481087176,267336430136,a10ad4af6c43bba949c4b303234eb746c2a473a6c927b17b258bdac84c318ee4
324,0.5409015025041736,62795,8.340189933776855,17.122291564941406,254.0,58429,0.05410092592592593,53000,0.049074074074074076,4346.7421875,0.10776296257972717,144.0,22756527481087176,267335905848,bec4861afe7d385fcaf4b6b08d422267e558a32bb10d9cef989ec6beb769c63b
325,0.5425709515859767,63013,8.35521411895752,17.142709732055664,254.0,58706,0.05435740740740741,53325,0.049375,4359.98486328125,0.11061296612024307,128.0,22756527481087176,267335905848,afa6d7ff138f3ff483638ec8eddc0586088bb10d9a6b38147b6f830d0517d875
326,0.5442404006677797,63132,8.369294166564941,17.16143035888672,254.0,58915,0.054550925925925926,53664,0.04968888888888889,4372.423828125,0.10876574367284775,103.0,22756527481087176,267335905848,7739fd3e0b2952f7ab2a4fccd77cf4f106ac3c6ca42c6bc12bdd6d1698ff4fea
327,0.5459098497495827,63255,8.375227928161621,17.167255401611328,254.0,59020,0.05464814814814815,53842,0.049853703703703706,4377.68212890625,0.10120740532875061,99.0,22756527481087176,267335905848,c22bd7404ac2901aed6a6bc3ba9008cb16fd6500be001454370c200c0be2ba50
328,0.5475792988313857,63304,8.38277530670166,17.17794418334961,254.0,59169,0.05478611111111111,54071,0.050065740740740744,4385.1181640625,0.10109537094831467,119.0,22756527481087176,267335905848,d6f1eb5376a78b5eb47af1f8af4d9aceeaf2f8db727b4ecd37e8b92d743cdcd3
329,0.5492487479131887,63310,8.38596248626709,17.180931091308594,254.0,59225,0.05483796296296296,54115,0.05010648148148148,4387.8291015625,0.09730648249387741,89.0,22756527481087176,267335905848,e1c8d4cadab58cd5883c920e57a8605adf0a5ab9f803d393ecdfcd107c66d57b
330,0.5509181969949917,63355,8.39115047454834,17.185758590698242,254.0,59336,0.05494074074074074,54308,0.05028518518518518,4392.59716796875,0.1022787019610405,87.0,22756527481087176,267335905848,08caf4e29d3ace34f2e637eb3846e89369e79b0c2aedc15cfbfaeaa18dfcb17f
331,0.5525876460767947,63414,8.394925117492676,17.185693740844727,254.0,59516,0.05510740740740741,54448,0.050414814814814815,4396.1220703125,0.10540000349283218,78.0,22756527481087176,267335905848,3576c99d14c6d4385884c9f128fecd455b265852971d99c51e995da9a38a49bc
332,0.5542570951585977,63484,8.399646759033203,17.187177658081055,254.0,59581,0.055167592592592594,54597,0.05055277777777778,4400.73291015625,0.10658981651067734,86.0,22756527481087176,267335905848,b787ecdc8e151b52e0d5ac8562aa136b10fb80f138ca3a0c8329ca01f694b5ee
333,0.5559265442404007,63494,8.400958061218262,17.182144165039062,254.0,59704,0.05528148148148148,54685,0.05063425925925926,4401.3271484375,0.10430462658405304,100.0,22756527481087176,267335905848,d68e785532bdc691969b5ce5dc68ce5524fdb7acd968359bc900abc9a6a22fb8
334,0.5575959933222037,63498,8.403280258178711,17.18013572692871,254.0,59782,0.055353703703703704,54760,0.0507037037037037,4402.93603515625,0.10422222316265106,59.0,22756527481087176,267335905848,97a2fdf03a3863dc3242b4d49bb5fad9273b183de1bfa653a2d058ba404ffcde
335,0.5592654424040067,63514,8.407180786132812,17.181480407714844,254.0,59810,0.05537962962962963,54860,0.0507962962962963,4406.05419921875,0.10310370475053787,57.0,22756527481087176,267335905848,92fb86d51dd8a5a977ca8922b05f4a68ee77452e25f5c15d3f044bb7c1ca0a97
336,0.5609348914858097,63553,8.410043716430664,17.178974151611328,254.0,59894,0.05545740740740741,54959,0.05088796296296296,4408.2412109375,0.11076296120882034,106.0,22756527481087176,267335905848,658eb877b260e8ebdd2e70be617027263868c15246d9624cafecf1749624643f
337,0.5626043405676127,63589,8.4144926071167,17.182361602783203,254.0,60003,0.055558333333333335,55103,0.051021296296296294,4412.11279296875,0.10883055627346039,58.0,22756527481087176,267335905848,9f816dcff15326008770876bdedd5dd71ac8d512ca72d10705bb229b66a5bc22
338,0.5642737896494157,63629,8.41886043548584,17.185441970825195,254.0,60064,0.05561481481481481,55246,0.0511537037037037,4415.81103515625,0.10589351505041122,50.0,22756527481087176,267335905848,dba745ec6f0ca8a88fa99d3bc2d286186fbbce4dfe2b3ead00b09fc243e3b56a
339,0.5659432387312187,63669,8.423699378967285,17.189163208007812,254.0,60195,0.05573611111111111,55380,0.051277777777777776,4419.97021484375,0.10853704065084457,56.0,22756527481087176,267335905848,3b24a7618067561e4764f9c1b2c88dc4cd2071b569700e80f4743e3187fd87dd
340,0.5676126878130217,63708,8.427751541137695,17.191905975341797,254.0,60284,0.05581851851851852,55560,0.051444444444444445,4423.26123046875,0.11230462789535522,72.0,22756527481087176,267335905848,64d5069bf71b45892e708a32b255cb6f73a2fd8054f66aec6c5ff228b1b7efc0
341,0.5692821368948247,63723,8.429686546325684,17.191059112548828,254.0,60323,0.05585462962962963,55659,0.05153611111111111,4424.703125,0.1131453737616539,163.0,22756527481087176,267335905848,b5574571280c9e2cc8752857bcb30d31ba86520f1c7ae75e3f65c67b3d740399
342,0.5709515859766278,63796,8.433438301086426,17.19584846496582,254.0,60385,0.05591203703703704,55750,0.05162037037037037,4428.19677734375,0.11120741069316864,77.0,22756527481087176,267335905848,5213cabbc7542664106aa35b36887f57e4102daac1b370ccc4328449ad6669d9
343,0.5726210350584308,63745,8.43564510345459,17.19513702392578,254.0,60464,0.055985185185185186,55826,0.05169074074074074,4430.06005859375,0.11334074288606644,144.0,22756527481087176,267335905848,3949fc30f43f873f0f65ea09170f8adf42086f735e89215ac5484e99adcc2e08
344,0.5742904841402338,63782,8.43918514251709,17.199636459350586,254.0,60509,0.05602685185185185,55907,0.051765740740740744,4433.4521484375,0.11535092443227768,86.0,22756527481087176,267335905848,927ab67035a6ad1f52fead7cd970fdc86009747a42dba453c9af2a17c04e107d
345,0.5759599332220368,63878,8.443303108215332,17.20586585998535,254.0,60599,0.05611018518518519,55996,0.05184814814814815,4437.09619140625,0.11219722032546997,77.0,22756527481087176,267335905848,c5a817c05968f83ef1c33ecd10300906c2f7ab93cc0c9191bc2cacd4b0ecb978
346,0.5776293823038398,63910,8.447617530822754,17.2155818939209,254.0,60665,0.056171296296296296,56057,0.05190462962962963,4441.380859375,0.10904999822378159,51.0,22756527480038600,267335905848,8554af06ded695068a423d627196cbf2646c8466d337b072a718203732c05d06
347,0.5792988313856428,63899,8.451146125793457,17.222837448120117,254.0,60765,0.05626388888888889,56148,0.05198888888888889,4444.92822265625,0.10735277831554413,48.0,22756527480038600,267335905848,f7b6c289fc464366ba7a5c83e3b657e348d0cf65346eb7258e6ec164d95316d5
348,0.5809682804674458,63928,8.455398559570312,17.233144760131836,254.0,60778,0.056275925925925924,56212,0.05204814814814815,4449.416015625,0.1060962975025177,44.0,22756527480038600,267335905848,ffdf2c6a709b9ff1d59a356caf73d02922596088893856ab22699fd751bdc884
349,0.5826377295492488,63994,8.460440635681152,17.245344161987305,254.0,60849,0.056341666666666665,56260,0.05209259259259259,4454.173828125,0.10604999959468842,99.0,22756527480038600,267335905848,2062876a680e02ced9da159e3d82005989b369b2b43d5f3d52a47f337037dca6
350,0.5843071786310517,64031,8.465601921081543,17.255041122436523,254.0,60925,0.05641203703703704,56390,0.05221296296296296,4459.18017578125,0.10671111196279526,72.0,22756527480038600,267335905848,1e3616507641963f5ca7f55efb4743f15d5381c4fb01850610e3f249ec27da5c
351,0.5859766277128547,64152,8.471831321716309,17.266998291015625,254.0,61056,0.05653333333333333,56507,0.052321296296296296,4465.55615234375,0.10815370082855225,77.0,22756527480038600,267335905848,4385c00bbc7166a211e414d8c7e47deecb2d4dc2c95a22d9806defc727b97ab6
352,0.5876460767946577,64219,8.47616958618164,17.274574279785156,254.0,61132,0.056603703703703705,56629,0.05243425925925926,4469.365234375,0.10832870006561279,94.0,22756527480038600,267335905848,2af6c0183742d750c4d5decd6492c6ede14d4ab3d17bfd2d7beaf5f12c3864bd
353,0.5893155258764607,64258,8.479923248291016,17.278078079223633,254.0,61220,0.056685185185185186,56756,0.05255185185185185,4472.86181640625,0.10398518294095993,50.0,22756527480038600,267335905848,e100e7fbd3a16fc15cb5753541cb8e56b31f634f02f80c8970756e7521a425cc
354,0.5909849749582637,64436,8.484445571899414,17.283737182617188,254.0,61309,0.05676759259259259,56921,0.05270462962962963,4477.48193359375,0.10660740733146667,118.0,22756527480038600,267335905848,d4b0e86d42a7c12e7faa5c489defd9435fe48d92acf77fbd56b1bc33f8cbc544
355,0.5926544240400667,64535,8.49393367767334,17.298078536987305,254.0,61486,0.05693148148148148,57125,0.05289351851851852,4486.81298828125,0.11221018433570862,105.0,22756527480038600,267335905848,1665c972096c6470e6618ea02850013689613c479df29e874db46ceca50483af
356,0.5943238731218697,64588,8.50251293182373,17.31106185913086,254.0,61658,0.05709074074074074,57327,0.053080555555555554,4494.65283203125,0.10533703863620758,116.0,22756527480038600,267335905848,ff4130261c93a6b48e676e948346e60ab1c78b2a4ba4879432f0b0bca2b9d62d
357,0.5959933222036727,64682,8.507329940795898,17.318470001220703,254.0,61750,0.05717592592592593,57478,0.05322037037037037,4499.5068359375,0.10629259049892426,82.0,22756527480038600,267335905848,70da78c8b08c04f119b2fb0fbdf8a38e70f0c5036b6d2f48ef51049cb845e22e
358,0.5976627712854758,64733,8.51168441772461,17.323503494262695,254.0,61846,0.05726481481481482,57545,0.05328240740740741,4503.97900390625,0.10885278135538101,95.0,22756527480038600,267335905848,3fb7da0c38029fa80f1e8a9efb334f4808709961678814e73d18592b7c176cbb
359,0.5993322203672788,64719,8.515589714050293,17.32721710205078,254.0,61965,0.057375,57650,0.05337962962962963,4507.72998046875,0.10640925914049149,64.0,22756527480038600,267335905848,fb9905f50e626ad27f8bda69b652efc8dfc1b9f3acd59c9ca8ed4ed0a6fd3d16
360,0.6010016694490818,64777,8.5201416015625,17.333871841430664,254.0,62056,0.05745925925925926,57769,0.053489814814814816,4511.47412109375,0.10522963106632233,46.0,22756527480038600,267335905848,d4a4606c89819a7023c3e8070c9868c966caca87eb41311b2d4b53649a368972
361,0.6026711185308848,64746,8.524175643920898,17.339107513427734,254.0,62107,0.057506481481481485,57869,0.053582407407407405,4515.4541015625,0.10497870296239853,71.0,22756527480038600,267335905848,289f6bfec5aa31815225b51c5838485672632544a342a32ec39fb889d9b1c560
362,0.6043405676126878,64733,8.528019905090332,17.344837188720703,254.0,62122,0.05752037037037037,57919,0.053628703703703706,4519.0478515625,0.10625555366277695,60.0,22756527480038600,267335905848,eb481f6fc03bf5fd13399ab10ac3482de725cd7e03ec8f3d1e70949cd094cd91
363,0.6060100166944908,64781,8.532001495361328,17.349742889404297,254.0,62196,0.05758888888888889,57989,0.053693518518518515,4522.798828125,0.10925926268100739,111.0,22756527480038600,267335905848,6fc90f07803eaa9cdd8c6c8926d0b962de6455f00f4b70647a6632f85c1ec3a7
364,0.6076794657762938,64765,8.532276153564453,17.346281051635742,254.0,62192,0.057585185185185184,58014,0.05371666666666667,4522.60302734375,0.11460555344820023,80.0,22756527480038600,267335905848,46bd15a0a2ad69600fc421ba049c3e229fcffdac4ce0d4ff4028267d42d59dc3
365,0.6093489148580968,64789,8.531115531921387,17.339797973632812,254.0,62263,0.057650925925925925,58083,0.053780555555555554,4521.12109375,0.12128240615129471,87.0,22756527480038600,267335905848,706a95b5b75804f6f4cce459af0cef6fccb9e048bc2a63a4c2f5e58f16df81ff
366,0.6110183639398998,64851,8.535325050354004,17.347026824951172,254.0,62285,0.0576712962962963,58227,0.053913888888888886,4525.19189453125,0.109835185110569,104.0,22756527480038600,267335905848,b1e3d4c04e9015912552e71e632e6d4a1de6751587ffea384f570da6ce24e9b2
367,0.6126878130217028,64842,8.539774894714355,17.35216522216797,254.0,62358,0.05773888888888889,58274,0.053957407407407405,4529.3359375,0.11009444296360016,119.0,22756527480038600,267335905848,33f70eef39374918715453f664823a183f6a8a6eaf653347733d41adedeb74f7
368,0.6143572621035058,64887,8.543549537658691,17.357419967651367,254.0,62434,0.05780925925925926,58328,0.05400740740740741,4532.94482421875,0.10962222516536713,104.0,22756527480038600,267335905848,c2b0273f07fd2426fff53be693669877c7aa475b476b38b28cfb471e3325cb1c
369,0.6160267111853088,64882,8.547133445739746,17.36302375793457,254.0,62501,0.057871296296296296,58415,0.05408796296296296,4536.2021484375,0.1088157370686531,45.0,22756527480038600,267335905848,8efbb1152a2e1d0910b69822e518ef5468c499bab16c7e28fe2419b0f016c39c
370,0.6176961602671118,64923,8.550743103027344,17.36857032775879,254.0,62597,0.057960185185185184,58460,0.05412962962962963,4539.955078125,0.10736018419265747,45.0,22756527480038600,267335905848,1d95b72466f33eb091801fc93c8093e70696bcbeda1cbd71284f46a91b3b866d
371,0.6193656093489148,64906,8.555704116821289,17.377758026123047,254.0,62650,0.05800925925925926,58581,0.05424166666666667,4544.59423828125,0.10775277763605118,54.0,22756527480038600,267335905848,6b4864a2a0042651476e01ab9d5d16fc0f88e0bc07f70358f5c26d314236a478
372,0.6210350584307178,64917,8.559268951416016,17.38257598876953,254.0,62730,0.058083333333333334,58688,0.05434074074074074,4547.98876953125,0.1086222231388092,57.0,22756527480038600,267335905848,39fb21a809ef9546b4b0d94211fe830abd9cdc7c0d085b6c0ff24a70697099a0
373,0.6227045075125208,64945,8.563457489013672,17.39011001586914,254.0,62775,0.058125,58726,0.054375925925925925,4551.998046875,0.10771111398935318,39.0,22756527480038600,267335905848,d140804f5676f6d31339c3fdda37b676a6de8a97535213ed44922eb91175558d
374,0.6243739565943238,64980,8.567866325378418,17.396360397338867,254.0,62868,0.05821111111111111,58825,0.054467592592592595,4556.283203125,0.10572963207960129,50.0,22756527480038600,267335905848,63c7ebaa4bcec96a9fa0cd6366081bfaeb80aaa179ee44e850c42e1f25da7664
375,0.6260434056761269,64997,8.571267127990723,17.3985652923584,254.0,62950,0.05828703703703704,59005,0.05463425925925926,4559.19287109375,0.10506851971149445,50.0,22756527480038600,267335905848,950d1d0c727de3066c9a5522e8368f8584f7962431f6a68bbc04e7d6674ad758
376,0.6277128547579299,65016,8.5742826461792,17.399337768554688,254.0,63035,0.05836574074074074,59106,0.05472777777777778,4562.02001953125,0.10565092414617538,43.0,22756527480038600,267335905848,6fb8c043c8f07b92a931b0be06d0328586931a277e4741724dce9352bf68a5d5
377,0.6293823038397329,64990,8.575035095214844,17.39705467224121,254.0,63075,0.058402777777777776,59171,0.05478796296296296,4562.703125,0.10855647921562195,47.0,22756527480038600,267335905848,c48df54b08aece3ce3c6d251d36229fc63270ed09c11c6fe035f75bebda5378f
378,0.6310517529215359,65012,8.577404975891113,17.394590377807617,254.0,63138,0.05846111111111111,59332,0.054937037037037034,4564.3701171875,0.10472500324249268,49.0,22756527480038600,267335905848,fcdc5045c5d4c40fd07c634afa4940f50666d4414dd04d8a8f6addddecaad40d
379,0.6327212020033389,64979,8.57978343963623,17.39425277709961,254.0,63192,0.05851111111111111,59350,0.054953703703703706,4566.28076171875,0.10481203347444534,48.0,22756527480038600,267335905848,6c44fc00456591e2e49067438271fd370dbe280743ce2b7b4ce5fd40af7c94c8
380,0.6343906510851419,65027,8.58217716217041,17.392383575439453,254.0,63278,0.05859074074074074,59455,0.05505092592592593,4568.4482421875,0.1049564778804779,54.0,22756527480038600,267335905848,62092cd6c439fb25f925b9f80af6cdae5a35d133f60de7940d4c24f701d1625b
381,0.6360601001669449,64991,8.58411693572998,17.38897705078125,254.0,63300,0.058611111111111114,59544,0.05513333333333333,4570.173828125,0.10389166325330734,47.0,22756527480038600,267335905848,abebb8ec2eab74f43776ffaefac79efacd4a43c638b1d7ba5411f59917ce363b
382,0.6377295492487479,65018,8.586433410644531,17.38790512084961,254.0,63408,0.05871111111111111,59618,0.05520185185185185,4572.27490234375,0.10404074192047119,55.0,22756527480038600,267335906872,8cb7d11a303e17f4764c662940a5a3791b444cef74ac8bcc6bfcad9e9132f45a
383,0.6393989983305509,65042,8.590538024902344,17.3920955657959,254.0,63511,0.05880648148148148,59742,0.05531666666666667,4576.02099609375,0.11291573941707611,61.0,22756527480038600,267335906872,28a061eb2abf8a6ba8b9bf20f3804644a3d6d83b7b6ca42c5926358405ba6142
384,0.6410684474123539,65135,8.604414939880371,17.41094970703125,254.0,63843,0.05911388888888889,60089,0.055637962962962965,4590.10888671875,0.13434167206287384,126.0,22756527480038600,267335906872,e5c7bcd84a9e041bd12d76602cd67e4a682331d3b8b9bc61c8f6475ed7cc0f04
385,0.6427378964941569,65210,8.613940238952637,17.424192428588867,254.0,64002,0.05926111111111111,60330,0.05586111111111111,4599.89892578125,0.11854536831378937,104.0,22756527480038600,267335906872,d1fd60e88ea9cd244c658d7287ce563356286ffa83a39aa7a7ba935613c71af8
386,0.6444073455759599,65311,8.621953010559082,17.433591842651367,254.0,64257,0.05949722222222222,60619,0.0561287037037037,4608.01123046875,0.11619259417057037,99.0,22756527480038600,267335906872,f5ec29e75e7dbae808b17e800814a4558a25d37de030e8bddcd80e8fda29b135
387,0.6460767946577629,65410,8.627083778381348,17.43851661682129,254.0,64362,0.05959444444444444,60759,0.056258333333333334,4613.091796875,0.11342129856348038,93.0,22756527480038600,267335906872,b8cc3f92c060f01861839f2bb15671be0b2993e66c2326e376e92b99abe72223
388,0.6477462437395659,65574,8.635958671569824,17.451976776123047,254.0,64604,0.05981851851851852,61092,0.05656666666666667,4622.18896484375,0.12045277655124664,130.0,22756527480038600,267335906872,f165f6e62ae41a28db4be43bd7e035291cc393184b868728dcc647274ebeb9c6
389,0.6494156928213689,65696,8.64130687713623,17.454547882080078,254.0,64784,0.05998518518518518,61320,0.05677777777777778,4627.2841796875,0.11551481485366821,139.0,22756527480038600,267335906872,d08569301744694fa0b8d7bcd92737b6f595c4a48442a422195ab6bf5c4aa2b3
390,0.6510851419031719,65827,8.645933151245117,17.459083557128906,254.0,64889,0.06008240740740741,61406,0.056857407407407405,4631.669921875,0.11304351687431335,92.0,22756527480038600,267335906872,04073b7ac1ae046c2a3bc1c8c0b3774ca75961f6a5440843ef465c603def4b4c
391,0.6527545909849749,65933,8.652074813842773,17.467153549194336,254.0,65017,0.06020092592592593,61621,0.05705648148148148,4637.72607421875,0.11583055555820465,116.0,22756527480038600,267335906872,74a706227ad6725a844cb40cb44e87d2eb75b58ecd7617c40d356da4fbfd54ff
392,0.654424040066778,66121,8.662564277648926,17.483047485351562,254.0,65307,0.060469444444444444,61958,0.05736851851851852,4648.546875,0.1258111149072647,105.0,22756527480038600,267335906872,dc909dd301afa49e35758ea7316d6cbe5d7a8196af85e50596c0b1e49f10c497
393,0.656093489148581,66208,8.669254302978516,17.495906829833984,254.0,65430,0.060583333333333336,62093,0.05749351851851852,4655.35791015625,0.11774629354476929,86.0,22756527480038600,267335906872,f5fdbe08ee013f4bbff682343ece2f7c7f0ec3c1c0b9d36ef7c3b766e0ad8266
394,0.657762938230384,66280,8.674944877624512,17.50758934020996,254.0,65527,0.06067314814814815,62236,0.05762592592592593,4661.05615234375,0.12244536727666855,77.0,22756527480038600,267335906872,09336bbdad8b0d6a3ae6be03d0cb265084fa34f2591e388ecd3087cb385b3a22
395,0.659432387312187,66359,8.681437492370605,17.519145965576172,254.0,65652,0.06078888888888889,62389,0.05776759259259259,4667.26220703125,0.12283241003751755,95.0,22756527480038600,267335906872,7607b59221c416c6b707052616f6a8def1d03ad9d4291c1f7aee23437e719c38
396,0.66110183639399,66432,8.69184398651123,17.537403106689453,254.0,65857,0.0609787037037037,62660,0.05801851851851852,4677.94580078125,0.12821851670742035,115.0,22756527480038600,267335906872,4c413030524a11c4ae2ea2dca0c43817e824b6ab4e985e4d961ebd91141a32e1
397,0.662771285475793,66509,8.701066970825195,17.559507369995117,254.0,66003,0.06111388888888889,62844,0.05818888888888889,4687.26416015625,0.12658241391181946,112.0,22756527480038600,267335906872,25182b85559e5c094d9ee18452ac442a6c4edf25a0c54086bb9602fed106de98
398,0.664440734557596,66571,8.71023941040039,17.581100463867188,254.0,66169,0.061267592592592596,63045,0.058375,4696.453125,0.12758055329322815,78.0,22756527480038600,267335906872,8d39592a6eef053855fbfa7f8c20e85c18eab772ec54bb3b33c8597105584e28
399,0.666110183639399,66705,8.719335556030273,17.601272583007812,254.0,66352,0.06143703703703704,63323,0.05863240740740741,4706.1748046875,0.13395091891288757,96.0,22756527480038600,267335906872,de78b2542b6cddb7934be9aa8d501862c3634c0a835633b038ad55497227a5f6
400,0.667779632721202,66886,8.734528541564941,17.63842010498047,254.0,66697,0.06175648148148148,63735,0.05901388888888889,4722.009765625,0.13856203854084015,97.0,22756527480038600,267335906872,283d7c25e72bedd580b8f6d8679cae9e94b3ea6cd2e017e4c9a00286dc15bb9e
401,0.669449081803005,67022,8.745634078979492,17.668733596801758,254.0,66866,0.06191296296296296,63935,0.05919907407407407,4733.634765625,0.13046111166477203,105.0,22756527480038600,267335906872,9fce3b8e207cfa64bcc097fa2856e44a1f7fdc8534ca300ca9c7360dd2549a08
402,0.671118530884808,67060,8.755608558654785,17.695192337036133,254.0,67068,0.0621,64130,0.05937962962962963,4744.0087890625,0.12687407433986664,79.0,22756527480038600,267335906872,098eb30410c28419821ef24ccc5e43daf134c2acb6dcfa74b8a62b976d2716c6
403,0.672787979966611,67165,8.766684532165527,17.72028350830078,254.0,67297,0.062312037037037034,64312,0.05954814814814815,4755.24609375,0.13116666674613953,97.0,22756527480038600,267335905848,caaaea5e8b839e01b0caa7c15474d59278874ec0fc16f4958cdfab5684204a3a
404,0.674457429048414,67279,8.77374267578125,17.736207962036133,254.0,67454,0.062457407407407406,64567,0.05978425925925926,4762.35595703125,0.12316203862428665,63.0,22756527480038600,267335905848,5b2f294d39e61ddf2f0f27dc4df8512b52611efe7216103c40e203812ab1420e
405,0.676126878130217,67405,8.781460762023926,17.754289627075195,254.0,67577,0.06257129629629629,64705,0.059912037037037034,4770.26708984375,0.1249944418668747,113.0,22756527480038600,267335906872,556c272b0c6226bc02a06ff73c83baf5565544c4c547bc114a384f63dd108c2f
406,0.67779632721202,67476,8.790119171142578,17.77529525756836,254.0,67779,0.06275833333333333,64944,0.06013333333333333,4779.22314453125,0.12291759252548218,84.0,22756527480038600,267335906872,2d59a9468eca297803ab8da08a516c5fb37547aba9a6ae994f83e3bad6968b65
407,0.679465776293823,67535,8.79684066772461,17.782690048217773,254.0,68024,0.06298518518518519,65235,0.06040277777777778,4786.02587890625,0.1250731498003006,79.0,22756527480038600,267335905848,bad0902c10b2e452d01b8848457d73de666bd4d6796393565da6cc8ea7f2d453
408,0.6811352253756261,67496,8.802194595336914,17.794818878173828,254.0,68128,0.06308148148148149,65362,0.06052037037037037,4791.10400390625,0.12239259481430054,58.0,22756527480038600,267335905848,b933cac8ac40894c5404feb16fccffc4dd9b11dc7ec3b91f9c0fe4916285169e
409,0.6828046744574291,67576,8.810118675231934,17.811878204345703,254.0,68357,0.06329351851851851,65594,0.060735185185185184,4798.98291015625,0.1202833354473114,84.0,22756527480038600,267335905848,8de2dae63e276f2e9fe3940964930d9f350671e68b263abc43722ba9b69c28a9
410,0.6844741235392321,67669,8.816757202148438,17.827306747436523,254.0,68499,0.063425,65848,0.06097037037037037,4805.6650390625,0.12917962670326233,121.0,22756527211603144,267335905848,b046f12fb26e4e638df662d71cc71f040659713bd04778b2574d59e6b6fdc554
411,0.6861435726210351,67700,8.821935653686523,17.841156005859375,254.0,68595,0.06351388888888888,65961,0.061075,4810.830078125,0.13000278174877167,102.0,22756527211603144,267335905848,e10fe43921d201e39cbac14811bb798dbd68563e3092a8106f0e940cb6cfe50c
412,0.6878130217028381,67710,8.82809829711914,17.858657836914062,254.0,68761,0.0636675925925926,66174,0.06127222222222222,4817.2041015625,0.1300361156463623,121.0,27260126838973640,267335905848,95d7b0eef75a417378179b0213cd8e6fb934f5ace4a2a23511ee0de7fe96e591
413,0.6894824707846411,67712,8.832894325256348,17.874155044555664,254.0,68823,0.063725,66247,0.06133981481481481,4822.0732421875,0.12221666425466537,99.0,27260126838973640,267335905848,fcdb5df3fff0d2fe1b0619e4ffdc922e2ae646999ed9ba7b0e6a63849811ced4
414,0.6911519198664441,67747,8.832819938659668,17.8709716796875,254.0,68843,0.06374351851851852,66406,0.061487037037037034,4821.72119140625,0.1250259280204773,118.0,27260126838973640,267335905848,4274df3e3db76d4f03b12d2b528d4a195446f909ca65f31ab3c3544ba01a2427
415,0.6928213689482471,67775,8.832473754882812,17.862728118896484,254.0,68962,0.0638537037037037,66503,0.061576851851851855,4820.7431640625,0.12956295907497406,144.0,27260126838973640,267335905848,cb4a91af5998824ba3dd50e4281e249726b34d826ff118b22e740405900c2bd6
416,0.6944908180300501,67853,8.83909797668457,17.87746238708496,254.0,69094,0.06397592592592592,66812,0.06186296296296296,4827.7451171875,0.13717962801456451,174.0,27260126838973640,267335905848,f9f2110e01dd949416309c9883021dff87c6467d76c913da91c769463d312b3f
417,0.6961602671118531,67964,8.850776672363281,17.911577224731445,254.0,69284,0.06415185185185185,66989,0.062026851851851854,4839.7177734375,0.1273694485425949,125.0,27260126838973640,267335905848,1be872c04633f88ab86ca0b6f88f7dac39ca6f9eb070a8581759f083e30af092
418,0.6978297161936561,68036,8.861876487731934,17.94417381286621,254.0,69464,0.06431851851851852,67191,0.06221388888888889,4851.22216796875,0.12726111710071564,108.0,27260126838973640,267335905848,c4b254ea3779eeff7d8c69fefee3c5c1c59c67ea8be90e8ed9b7ef62516444e0
419,0.6994991652754591,68165,8.869901657104492,17.96950912475586,254.0,69590,0.06443518518518518,67422,0.062427777777777776,4859.64111328125,0.12689907848834991,88.0,27260126838973640,267335905848,f4219427936d75c654805b37c0b6ecec0ced3609cc55445c484d814438281788
420,0.7011686143572621,68293,8.8795804977417,17.998371124267578,254.0,69762,0.06459444444444444,67547,0.06254351851851851,4869.57177734375,0.1280694454908371,99.0,27260126838973640,267335905848,a72aab42c4400446bed878f7297d85f2a221e2aa523aed9b872ab24e7464dfe4
421,0.7028380634390651,68349,8.88891887664795,18.026182174682617,254.0,69885,0.06470833333333334,67688,0.06267407407407408,4878.85693359375,0.12737314403057098,81.0,27260126838973640,267335905848,291557232020aab6132f7eb9ea81ba559bf361f0641b0ab7787b92ae46d1e247
422,0.7045075125208681,68386,8.895853042602539,18.048295974731445,254.0,69989,0.06480462962962963,67851,0.062825,4885.77099609375,0.12887869775295258,83.0,27260126838973640,267335905848,cfd710c72aee190ee87aa0606afad2e205c21bf1e0db46eb1b85db216ef8acf8
423,0.7061769616026711,68449,8.901622772216797,18.069311141967773,254.0,70075,0.06488425925925925,68012,0.06297407407407407,4891.833984375,0.12918518483638763,80.0,27260126838973640,267335905848,8fdaec11f1c4e1af8430e0f25131b6469e8406dbc964677ae37d400f4fbdf4b4
424,0.7078464106844741,68428,8.905294418334961,18.08171272277832,254.0,70130,0.06493518518518518,68039,0.06299907407407407,4895.6669921875,0.12710462510585785,100.0,27260126838973640,267335905848,878d9d8a3eff07ecb182a6400150c9d225d854bd2046dc6e953a137be4cbb17b
425,0.7095158597662772,68451,8.911832809448242,18.100067138671875,254.0,70152,0.06495555555555556,68213,0.06316018518518518,4901.923828125,0.12564167380332947,62.0,27260126838973640,267335905848,e89a2d9e7e65c3eb1eb1a81315e4ea9dfffdc99da4fddb045decbc93bfd3abb7
426,0.7111853088480802,68418,8.917667388916016,18.11591339111328,254.0,70300,0.06509259259259259,68363,0.06329907407407408,4907.97607421875,0.12440741062164307,46.0,27260126838973640,267335905848,9e9303a320f6644b6dde335883237889421ad15a08a3bf2802b7ecf1ccae7a93
427,0.7128547579298832,68424,8.922131538391113,18.126672744750977,254.0,70394,0.06517962962962963,68439,0.06336944444444445,4912.52294921875,0.12399537116289139,59.0,27260126838973640,267335905848,a3f4272eb367adef8cbaff3654e78b3a9803d6eff8b11ed4db44cafa1c53691c
428,0.7145242070116862,68400,8.92611312866211,18.137561798095703,254.0,70420,0.06520370370370371,68522,0.06344629629629629,4916.328125,0.11956296116113663,58.0,27260126838973640,267335905848,c50bbcde6878ec9647182fea65a09f05e04f5a299823af7f281fa0cf8b0c768a
429,0.7161936560934892,68446,8.929143905639648,18.142656326293945,254.0,70510,0.06528703703703703,68651,0.06356574074074074,4919.52294921875,0.12645648419857025,96.0,27260126838973640,267335905848,ebbffb32a34b38513c9fb2473f70e01d2cd9ffdfff374297834fe3cae10f0db7
430,0.7178631051752922,68399,8.933210372924805,18.14966583251953,254.0,70568,0.06534074074074074,68732,0.06364074074074073,4923.5419921875,0.12287777662277222,84.0,27260126838973640,267335905848,264c7462de273b4bbaa7ca3ac2ae64e16874dbfc97cd837ace25a53dfaa8727c
431,0.7195325542570952,68422,8.935647010803223,18.153942108154297,254.0,70594,0.06536481481481482,68803,0.06370648148148148,4925.93310546875,0.12019259482622147,125.0,27260126838973640,267335905848,d633e5d01ffedb061d188b165a40470ce0bed75516d3d71a3766971c31232afd
432,0.7212020033388982,68400,8.935710906982422,18.148860931396484,254.0,70650,0.06541666666666666,68909,0.06380462962962963,4925.4560546875,0.12173981219530106,96.0,27260126838973640,267335905848,ce03edc4e57fe7513660faa7174b4d808fe6ab2b4987210bfdcf9590883dabf6
433,0.7228714524207012,68376,8.93600082397461,18.14120864868164,254.0,70699,0.06546203703703704,69089,0.06397129629629629,4925.27880859375,0.12290092557668686,118.0,27260126838973640,267335905848,c139f2a37e74d6f0bb5df2b720c80ceb60784afb744b38457df98a391282c5d8
434,0.7245409015025042,68390,8.936285972595215,18.13702392578125,254.0,70736,0.0654962962962963,69152,0.06402962962962963,4925.208984375,0.12070370465517044,104.0,27260126838973640,267335905848,e8af63638da4411264f42b47ebe54dcee53445f1f32276dcd0202a577507cb41
435,0.7262103505843072,68367,8.938803672790527,18.140827178955078,254.0,70750,0.06550925925925925,69254,0.06412407407407407,4927.44580078125,0.1265583336353302,75.0,27260126838973640,267335905848,4b6562788370c8d59a02f29a2eb830bcd2d5ac3c6a07f07a2a100c0de75dd918
436,0.7278797996661102,68412,8.93797779083252,18.136554718017578,254.0,70784,0.06554074074074075,69321,0.06418611111111111,4926.44677734375,0.1224222257733345,60.0,27260126838973640,267335905848,02632e6fccfb5c58849a7fdccc28bcd7f6eea8f3cd6a27ca0d41ce589e7a2c7f
437,0.7295492487479132,68449,8.940690994262695,18.138418197631836,254.0,70805,0.06556018518518518,69389,0.06424907407407407,4928.98193359375,0.12034814804792404,54.0,27260126838973640,267335905848,0e043b723328f912520915420416a092d491349271b0c73d193c06c6296f03bf
438,0.7312186978297162,68378,8.942743301391602,18.136917114257812,254.0,70889,0.06563796296296297,69447,0.06430277777777778,4930.9541015625,0.1170879602432251,57.0,27260126838973640,267335905848,ce4f1be2ac9ed10abc100f50f77771deec6fce5bfdcd4daa3a775c91209071d3
439,0.7328881469115192,68437,8.945527076721191,18.13646697998047,254.0,71012,0.06575185185185185,69581,0.06442685185185185,4933.31689453125,0.11711851507425308,73.0,27260126838973640,267335905848,de898d38c0ad1797024fe52bc058dcbf2e4b1ed1e1ac5f9ada5f37f818392eb4
440,0.7345575959933222,68486,8.950225830078125,18.13960838317871,254.0,71119,0.06585092592592592,69716,0.06455185185185185,4937.576171875,0.1205601841211319,100.0,27260126838973640,267335905848,729dd9a1f6ff6a6d18a252cee4233bf291fcde26af1a54b4fcedb1f2548c216d
441,0.7362270450751253,68490,8.953547477722168,18.139192581176758,254.0,71221,0.06594537037037038,69864,0.06468888888888889,4940.7822265625,0.12382499873638153,95.0,27260126838973640,267335905848,74c38458b8205ca74db19c6db99b597b9b75012dee3afefb8051897dccc129e3
442,0.7378964941569283,68697,8.963515281677246,18.150863647460938,254.0,71445,0.06615277777777778,70220,0.06501851851851852,4950.8017578125,0.12886296212673187,111.0,27260126838973640,267335905848,4ca17a85012e8b9af0e4777d1192cc6f17391c7c78e5dd32333714cafd636dab
443,0.7395659432387313,68959,8.976167678833008,18.168437957763672,254.0,71622,0.06631666666666666,70525,0.06530092592592593,4963.06689453125,0.13499444723129272,118.0,27260126838973640,267335905848,65694acbdfb1f9a5a5f0773ec34b909378f4c876013c1b0ff6781c2ed346767c
444,0.7412353923205343,69235,8.985445976257324,18.18132972717285,254.0,71813,0.06649351851851852,70802,0.06555740740740741,4971.93896484375,0.13134166598320007,112.0,27260126838973640,267335905848,a5a2b81d4f1af25bd557563e36498133a4a6ea8dedbdbb1fbf357cb14663c596
445,0.7429048414023373,69311,8.993340492248535,18.192344665527344,254.0,71891,0.06656574074074074,70973,0.06571574074074074,4979.05419921875,0.13222777843475342,123.0,27260126838973640,267335905848,7340087d7c415788a04e0411d01fb5f4ad33357181ad048538c0921b5fa6ebcc
446,0.7445742904841403,69447,9.004959106445312,18.208114624023438,254.0,72064,0.06672592592592592,71304,0.06602222222222222,4989.3681640625,0.13684628903865814,109.0,27260126838973640,267335905848,ea3301a1d37831756764f9eb6ca0c779577c4c8e432630f9c3289516e64af8d2
447,0.7462437395659433,69530,9.01043701171875,18.212928771972656,254.0,72205,0.06685648148148148,71475,0.06618055555555556,4994.0400390625,0.13005925714969635,73.0,27260126838973640,267335905848,c4df9cd69870627ea058de77bff6b6d2329731310f0a476fb49e8641c2c7a687
448,0.7479131886477463,69704,9.021223068237305,18.22511863708496,254.0,72432,0.06706666666666666,71758,0.0664425925925926,5003.38818359375,0.13759537041187286,139.0,27260126838973640,267335905848,3f4d9ff4f19da373c19abed29298269bb4ff2b33142cb69257ccccd8af4c77c3
449,0.7495826377295493,69825,9.03105354309082,18.238298416137695,254.0,72588,0.06721111111111111,72005,0.0666712962962963,5012.48779296875,0.13613611459732056,107.0,27260126838973640,267335905848,3fc372e0f543e660a6679ab629e7dd5ae33bd0809ffa35eca25847063814c69d
450,0.7512520868113522,69896,9.03984546661377,18.246318817138672,254.0,72730,0.06734259259259259,72166,0.06682037037037038,5020.69091796875,0.1399453729391098,119.0,27260126838973640,267335905848,93015562529fee137c3844f1ecb38c3007f7fa8fe1c126ee782e5911c1a442fb
451,0.7529215358931552,70046,9.048830032348633,18.25787925720215,254.0,72909,0.06750833333333334,72345,0.06698611111111111,5029.60693359375,0.1358453631401062,142.0,27260126838973640,267335905848,10bd630aaa9de3fabd963a21d6c2f9fbd8b52a5b27e0e29bc213b764cdf11f7b
452,0.7545909849749582,70149,9.059957504272461,18.275604248046875,254.0,73118,0.06770185185185185,72666,0.06728333333333333,5040.51708984375,0.14497406780719757,123.0,27260126838973640,267335905848,582c472aab1fcf05b81cc4644743b757d776b7f814168c4959bdcccac942f8e3
453,0.7562604340567612,70214,9.07309341430664,18.299848556518555,254.0,73356,0.06792222222222222,72921,0.06751944444444445,5053.52294921875,0.1486472189426422,116.0,27260126838973640,267335905848,3c7d8208e85e14bcb37d6b606836d228b8ad29ec1911f6f4a635b0f0cc585bff
454,0.7579298831385642,70290,9.084627151489258,18.322647094726562,254.0,73535,0.06808796296296296,73152,0.06773333333333334,5064.7958984375,0.14211851358413696,106.0,27260126838973640,267335905848,dd20d8e9813205e5bf232974fbf639e4e6386787abb384091a6601e56c27bbf6
455,0.7595993322203672,70393,9.09375286102295,18.34278678894043,254.0,73779,0.06831388888888888,73266,0.06783888888888889,5073.89599609375,0.13898147642612457,100.0,27260126838973640,267335905848,ebc2e17045e199cb9286583b6f49f66f3aa85e063135c290ff7797e17503f71b
456,0.7612687813021702,70468,9.102824211120605,18.36608123779297,254.0,73903,0.0684287037037037,73499,0.06805462962962963,5083.02294921875,0.13965833187103271,86.0,27260126838973640,267335905848,7fc7754cd605ba45417278307bea9e43fe55243eb6db619cc543c597662e7b44
457,0.7629382303839732,70546,9.112009048461914,18.38925552368164,254.0,74055,0.06856944444444445,73684,0.06822592592592593,5092.4541015625,0.1431981474161148,95.0,27260126838973640,267335905848,2f58b271568620436326b95f62db02ac43f64222915974856fbd8475f1f54e88
458,0.7646076794657763,70672,9.1188383102417,18.408117294311523,254.0,74069,0.06858240740740741,73798,0.06833148148148148,5098.83984375,0.14773055911064148,111.0,27260126838973640,267335905848,c0b77bd628362bccce71d8f9a566e4116d6e96d4ef8ef072b5375c720fbc6665
459,0.7662771285475793,70702,9.127840995788574,18.43073272705078,254.0,74235,0.06873611111111111,74022,0.06853888888888889,5108.11376953125,0.14407314360141754,120.0,27260126838973640,267335905848,a79fa4eae6213b1d01595c1dc60a53f04a794621445eba58801a8543c5950274
460,0.7679465776293823,70724,9.132403373718262,18.4395809173584,254.0,74320,0.06881481481481481,74215,0.0687175925925926,5112.64208984375,0.14568333327770233,154.0,27260126838973640,267335905848,832d145008ba375df4761da52f696b1dde60c489231a648253e8d5daf2593373
461,0.7696160267111853,70770,9.140155792236328,18.44986343383789,254.0,74498,0.06897962962962963,74445,0.06893055555555555,5120.291015625,0.14404815435409546,103.0,27260126838973640,267335905848,2a85d25812dabacb4d6997e5123b38b95bef5fac248dadf89e67d4227b10b93c
462,0.7712854757929883,70877,9.146175384521484,18.460500717163086,254.0,74671,0.06913981481481482,74554,0.06903148148148149,5126.07421875,0.13921017944812775,95.0,27260126838973640,267335905848,b5c5b83d64e16bb87e330d4aa3141b474592128dc6531a266a744ba4d6dbbf9b
463,0.7729549248747913,70906,9.15206527709961,18.46562957763672,254.0,74791,0.06925092592592592,74687,0.06915462962962964,5131.8701171875,0.13743610680103302,135.0,27260126838973640,267335905848,c892c210599a8885cb61e157e0de18213a312d0e4bdad79fffd5a3a6358df291
464,0.7746243739565943,70905,9.156332969665527,18.468597412109375,254.0,74949,0.06939722222222222,74919,0.06936944444444444,5135.85693359375,0.13300000131130219,106.0,27260126838973640,267335905848,46949d87f9a3f041004db4d87659dadff6454222e71b8f280ec31c64f5f6e156
465,0.7762938230383973,71006,9.159250259399414,18.472423553466797,254.0,74994,0.06943888888888888,75037,0.06947870370370371,5138.626953125,0.13194629549980164,94.0,27260126838973640,267335905848,6b5990564e4f7c39b94a2b7a0050758b8a2f240db065b86584bcec92e8c9cc4d
466,0.7779632721202003,71077,9.162799835205078,18.47575569152832,254.0,75022,0.06946481481481481,75157,0.06958981481481481,5141.869140625,0.13380740582942963,107.0,27260126838973640,267335905848,bfb70ff43087c95b2eb4ddef54ca4550d9902bf4ed9d4da376750f26eee15091
467,0.7796327212020033,71072,9.165919303894043,18.478055953979492,254.0,75150,0.06958333333333333,75209,0.06963796296296296,5144.72998046875,0.13328056037425995,100.0,27260126838973640,267335905848,ac1230afd9c8fc11e79c696708f6cccad1cb1a1df0d870fd19ecdba2c6f24258
468,0.7813021702838063,71118,9.170741081237793,18.489084243774414,254.0,75223,0.06965092592592592,75294,0.06971666666666666,5149.02099609375,0.13332130014896393,119.0,27260126838973640,267335905848,4b23561d49c4a268e1e68501ba1cb37b7deb7e2f589a26f2b13b11a829786a16
469,0.7829716193656093,71198,9.175934791564941,18.501075744628906,254.0,75291,0.0697138888888889,75473,0.06988240740740741,5153.7138671875,0.13190555572509766,130.0,27260126838973640,267335905848,76dcf718f376cd4824dc01c3776f3e80398f7d2cb2043e2d15d59d06124393ea
470,0.7846410684474123,71253,9.183854103088379,18.51922607421875,254.0,75441,0.06985277777777778,75644,0.07004074074074074,5161.7529296875,0.13357406854629517,111.0,27260126838973640,267335905848,a49b253f9ab277cbc6eda78081ab6edad93224cdf50c8db801642268254a2fe7
471,0.7863105175292153,71290,9.189982414245605,18.53169822692871,254.0,75579,0.06998055555555556,75745,0.07013425925925926,5167.7431640625,0.13098426163196564,120.0,27260126838973640,267335905848,20e85fe3a2e2bca84c02892bf24d76fb3c3b0e77952b1b5b7a8f61d0e10e05d3
472,0.7879799666110183,71289,9.197244644165039,18.546722412109375,254.0,75646,0.07004259259259259,75942,0.07031666666666667,5175.23193359375,0.1327342540025711,103.0,27260124691489992,267335905848,083eed3644f7109a65d46b7f47c4b053ee49e1760fb93f7762c4acbfc3ee4460
473,0.7896494156928213,71223,9.200531959533691,18.549894332885742,254.0,75778,0.07016481481481482,76078,0.0704425925925926,5178.43212890625,0.13092871010303497,100.0,27260124691489992,267335905848,651bc2f2dd694642a1789d19036c116467eb7d3eb0adc4323aea2628d805ff1d
474,0.7913188647746243,71209,9.203537940979004,18.55238914489746,254.0,75854,0.07023518518518518,76122,0.07048333333333333,5180.955078125,0.1253240704536438,109.0,27260124691489992,267335905848,e42f976c9055354c38d1f38fea39c72742dee22dbf6000576c5138c9d6e1337e
475,0.7929883138564274,71222,9.203697204589844,18.547348022460938,254.0,75860,0.07024074074074074,76175,0.0705324074074074,5180.966796875,0.12420370429754257,101.0,27260124691489992,267335905848,73559e99fa5cd867ad82e9413e4b0147f62d0e456e7edf233b244a1bc5c53ac5
476,0.7946577629382304,71273,9.207059860229492,18.54918670654297,254.0,75931,0.07030648148148148,76343,0.07068796296296297,5184.4638671875,0.12483148276805878,82.0,27260124691489992,267335905848,e2ac66f71ab4aabbd96514ebb233dc9a9f8d4157c12d4c011f134425a4d1ebbe
477,0.7963272120200334,71286,9.206921577453613,18.539260864257812,254.0,75998,0.07036851851851852,76478,0.07081296296296297,5183.625,0.12794074416160583,78.0,27260124691489992,267335905848,bbc4018748869409ce956db96244eaf6709cbfea3be9049b3006fc3e2aac593c
478,0.7979966611018364,71256,9.208608627319336,18.53421401977539,254.0,76045,0.07041203703703704,76572,0.0709,5184.93994140625,0.12445185333490372,93.0,27260124691489992,267335905848,29e263cfa16ef2a65a85a4f0a6d3f0b0b41d869a4f83c9e62f4898cd22ef574c
479,0.7996661101836394,71327,9.211576461791992,18.5330810546875,254.0,76149,0.07050833333333334,76689,0.07100833333333334,5187.56884765625,0.1261296272277832,124.0,27260124691489992,267335905848,6e088cd327fbea3769f99d8dbf482c0788d91061b97a22dde15029f5067bb54c
480,0.8013355592654424,71272,9.211772918701172,18.526540756225586,254.0,76192,0.07054814814814815,76811,0.0711212962962963,5187.65185546875,0.1297370344400406,118.0,27260124691489992,267335905848,58e5d35049927b25d33b1b209d4b755adbd5e204a82a723c0c00da2316d62ffb
481,0.8030050083472454,71287,9.21216869354248,18.521469116210938,254.0,76198,0.0705537037037037,76871,0.07117685185185185,5187.44580078125,0.12693610787391663,122.0,27260124691489992,267335905848,e6025914e7c18d25fafc9c8bd88fcda160692cf9975e3b1a66e18e5b611c659d
482,0.8046744574290484,71269,9.212675094604492,18.51604461669922,254.0,76160,0.07051851851851852,76980,0.07127777777777777,5187.6171875,0.12556017935276031,109.0,27260124691489992,267335905848,3290005fe461a086b41dbd8c3ab35fb8a2ed4987596eb944e88dacd10abfcbb2
483,0.8063439065108514,71301,9.21475601196289,18.51853370666504,254.0,76266,0.07061666666666666,77094,0.07138333333333333,5189.466796875,0.12118888646364212,79.0,27260124691489992,267335905848,7785e8afa3872b2e2951ff9c876a59e789772f3205bc153a18b9a8354703cb5e
484,0.8080133555926544,71243,9.215683937072754,18.514442443847656,254.0,76330,0.07067592592592592,77130,0.07141666666666667,5190.1689453125,0.12280000001192093,78.0,27260124691489992,267335905848,177fc9a817e2b8e301e6f54c55281f79bcccb7e3e90c50880c6b8635225c1553
485,0.8096828046744574,71197,9.21723461151123,18.51268196105957,254.0,76365,0.07070833333333333,77215,0.07149537037037038,5191.2578125,0.1210259273648262,74.0,27260124691489992,267335905848,16544aba91f6cb457d171d6fa593e57e8f0cad8c997cc4b6d02801a631dbe6ea
486,0.8113522537562604,71182,9.21738052368164,18.50250244140625,254.0,76380,0.07072222222222223,77309,0.07158240740740741,5191.10888671875,0.11956851929426193,63.0,27260124691489992,267335905848,a8b08f8c2004249f1b0502294a8aee79f11ecc644487f0b1ba8d2b42853b046c
487,0.8130217028380634,71162,9.217665672302246,18.493839263916016,254.0,76474,0.07080925925925925,77440,0.0717037037037037,5191.0478515625,0.12134999781847,72.0,27260124691489992,267335905848,188040dc09fc6460cbef2e5c3775ef56234d7f15083f06fe6f2deb00c0ee3805
488,0.8146911519198664,71194,9.217062950134277,18.485273361206055,254.0,76383,0.070725,77492,0.07175185185185186,5189.86376953125,0.12183425575494766,91.0,27260124691489992,267335905848,b1d4ee803a6688a4935274feceb28800497b97d75990cd85f63f6c0e6c88b439
489,0.8163606010016694,71205,9.21289348602295,18.47237777709961,254.0,76297,0.07064537037037037,77522,0.07177962962962962,5184.9677734375,0.1306472271680832,115.0,27260124691489992,267335905848,94b91ecca1003a581cc145866abad76d0d244e5e0f2e84d784ace6de019bed11
490,0.8180300500834724,71147,9.211729049682617,18.465526580810547,254.0,76334,0.07067962962962963,77539,0.07179537037037037,5183.3349609375,0.11650185286998749,139.0,27260124691489992,267335905848,73af9114a487d771e9f5fd295f538145f9718903fe4b6f6d1a201eac6e97ef0b
491,0.8196994991652755,71197,9.21107292175293,18.461191177368164,254.0,76325,0.0706712962962963,77639,0.07188796296296296,5182.45703125,0.11600185185670853,143.0,27260124691489992,267335905848,d1df71810ffacdeb050b0d01f288496641402a1b0bb5b9b45b0b214fa73803fc
492,0.8213689482470785,71142,9.211003303527832,18.456703186035156,254.0,76389,0.07073055555555556,77697,0.07194166666666667,5182.05517578125,0.11520463228225708,128.0,27260124691489992,267335905848,1f7082c89c476eca6a809b018682148828ced71893e593663e6ce3b14cefe0e7
493,0.8230383973288815,71128,9.211372375488281,18.451444625854492,254.0,76504,0.07083703703703703,77852,0.07208518518518518,5181.94677734375,0.11436481773853302,128.0,27260124691489992,267335905848,ae024fc4f9ab74feaa0f2f8862f26b9ed84a66b84ee61f3e3c1c00ca5948dd14
494,0.8247078464106845,71139,9.21169662475586,18.444557189941406,254.0,76574,0.07090185185185185,77866,0.07209814814814815,5181.794921875,0.11317963153123856,100.0,27260124691489992,267335905848,9571b2256624c5d3d3c3cb2d3636e440887eefb11c9f1d0d9383d00e24d3d008
495,0.8263772954924875,71171,9.211949348449707,18.437557220458984,254.0,76609,0.07093425925925925,77965,0.07218981481481482,5181.509765625,0.11367129534482956,95.0,27260124691489992,267335905848,a1bc168749bdc99417154b4f8ecc926edf9dbf2c0be11528788fee097acf351f
496,0.8280467445742905,71177,9.213440895080566,18.431150436401367,254.0,76701,0.07101944444444444,78027,0.07224722222222223,5182.5419921875,0.113558329641819,90.0,27260124691489992,267335905848,7b4db299b3abbd356b85249961372aa97ae52930bbb99e0696229a6d89e1cd56
497,0.8297161936560935,71203,9.213634490966797,18.420480728149414,254.0,76790,0.07110185185185185,78120,0.07233333333333333,5182.2529296875,0.1236250028014183,76.0,27260124691489992,267335905848,692676213b4e75a705dceadcf718e67fb4e1bd98049ad49129b696fd2165fc0b
498,0.8313856427378965,71276,9.215747833251953,18.41607093811035,254.0,76831,0.07113981481481481,78163,0.07237314814814814,5183.990234375,0.11491574347019196,86.0,27260124691489992,267335905848,ec467a414a8e2e597bf6994f03bdf63993823d1f0e5a1b412f067d3646950bc4
499,0.8330550918196995,71264,9.220383644104004,18.420381546020508,254.0,76952,0.07125185185185186,78355,0.07255092592592592,5188.40087890625,0.11944074183702469,118.0,27260124691489992,267335905848,7b6a872968f43111d8cc54c89cbc605c16d6ae75fc40508de1f03c70ca77b824
500,0.8347245409015025,71293,9.22746753692627,18.430089950561523,254.0,77093,0.07138240740740741,78451,0.07263981481481481,5195.18212890625,0.11938981711864471,102.0,27260124691489992,267335905848,8e211bdf8567df2478138ddbd707ab021baa4e48e02e177d41924f0721d415c9
501,0.8363939899833055,71315,9.228680610656738,18.428375244140625,254.0,77106,0.07139444444444444,78514,0.07269814814814815,5195.8818359375,0.117198146879673,133.0,27260124691489992,267335905848,2fa036adb49215375c00a6f1377a9fc6bb0b04311fb471e5666063a7484fa4e6
502,0.8380634390651085,71258,9.231844902038574,18.43381118774414,254.0,77150,0.07143518518518518,78616,0.07279259259259259,5198.958984375,0.11614073812961578,129.0,27260124691489992,267335905848,9c77e069e85565a76b2cb3ece024facbb251bbd680cc1789ab12707ea2b73d95
503,0.8397328881469115,71289,9.234183311462402,18.438213348388672,254.0,77211,0.07149166666666666,78644,0.07281851851851852,5201.14013671875,0.11075833439826965,94.0,27260124691489992,267335905848,3ba5043b3c293b72235ff9e058882483e693e2ef46d3a7cda491254df64a7172
504,0.8414023372287145,71291,9.235075950622559,18.439416885375977,254.0,77197,0.0714787037037037,78729,0.07289722222222222,5201.76904296875,0.11129999905824661,105.0,27260124691489992,267335905848,7432c0921ff8b8fe0f6fb725b385200f7cc6f5ac2101768a5ec3222ceca5cab6
505,0.8430717863105175,71304,9.234725952148438,18.442222595214844,254.0,77168,0.07145185185185185,78721,0.07288981481481481,5201.498046875,0.10880184918642044,80.0,27260124691489992,267335905848,f12a3259aeb1f42a24ddef8265e8f927f33de664823a0354e0c046cd31cc0a53
506,0.8447412353923205,71353,9.236102104187012,18.44606590270996,254.0,77123,0.07141018518518519,78772,0.07293703703703704,5202.76123046875,0.10571666806936264,58.0,27260124691489992,267335905848,6bccbce4c5a8947b9479c81e4b9f632b9d15ed15266d14b7123c53ed2777f1ab
507,0.8464106844741235,71300,9.238031387329102,18.450658798217773,254.0,77240,0.07151851851851852,78886,0.07304259259259259,5204.60400390625,0.10532592236995697,73.0,27260124691489992,267335905848,5a671f1a7005e5b52839d04f301813dd41b70b9f4c7336e2d025429ba7bf0902
508,0.8480801335559266,71336,9.237709999084473,18.45427703857422,254.0,77221,0.07150092592592593,78943,0.07309537037037037,5204.2099609375,0.10725463181734085,78.0,27260124691489992,267335905848,72daa06a62076500d006ba925919ae498133905b64a28c9a8a994aa286381aeb
509,0.8497495826377296,71289,9.238603591918945,18.456951141357422,254.0,77145,0.07143055555555555,79116,0.07325555555555556,5204.87109375,0.10682684928178787,96.0,27260124691489992,267335905848,9051038197d4553a11c792f8c6f012280e34150db9c9c90a7b0d6f84e356a3a5
510,0.8514190317195326,71396,9.24139404296875,18.466182708740234,254.0,77090,0.07137962962962963,79104,0.07324444444444445,5207.5751953125,0.08698148280382156,81.0,27260124691489992,267335905848,b69518d9f5d7ec55b20929356e5b9a582bcb73fb52ad39ef25917adeb25c0ff7
511,0.8530884808013356,71394,9.243738174438477,18.472219467163086,254.0,77193,0.071475,79188,0.07332222222222222,5209.81298828125,0.0708509236574173,73.0,27260124691489992,267335905848,1f2dcbb6dc48a7476d6db89d60f124c5fb52d67daa06c52d706bf4fca4766bd4
512,0.8547579298831386,71413,9.245253562927246,18.476665496826172,254.0,77187,0.07146944444444445,79228,0.07335925925925926,5211.2939453125,0.07391944527626038,90.0,27260124691489992,267335905848,1dd911f78b4d10531736bb088feec82bc83cce97dd9f428501647817b601b20f
513,0.8564273789649416,71387,9.246491432189941,18.480995178222656,254.0,77191,0.07147314814814815,79216,0.07334814814814815,5212.44580078125,0.07192129641771317,80.0,27260124691489992,267335905848,18ad253e5b1eadfdf1fdf52a6c6e8508157f519db78c876012d6900eaad38dc0
514,0.8580968280467446,71391,9.24820613861084,18.486309051513672,254.0,77173,0.07145648148148148,79280,0.07340740740740741,5214.09814453125,0.0714055523276329,89.0,27260124691489992,267335905848,aa02429096d54e388e9a10a16d9c594c5aebe4686047d26e0274ea0ad5132aa0
515,0.8597662771285476,71423,9.249550819396973,18.490036010742188,254.0,77260,0.07153703703703704,79307,0.0734324074074074,5215.52001953125,0.06864259392023087,90.0,27260124691489992,267335905848,4198429b02f9bb42a5935aed5a283406413bfef009e034b1bc10b955c862a84c
516,0.8614357262103506,71408,9.251839637756348,18.496335983276367,254.0,77252,0.07152962962962962,79365,0.07348611111111111,5217.92919921875,0.06782592833042145,77.0,27260124691489992,267335905848,02726d639e1e46021b06ff719f5bbf46a2f74471311ab5b894de123415529be2
517,0.8631051752921536,71395,9.25293254852295,18.498760223388672,254.0,77247,0.071525,79363,0.07348425925925926,5218.89990234375,0.06778889149427414,138.0,27260124691489992,267335905848,693aaf4c761ab80faaa1cea35bd7d73f0e592f0c27739af59118dfc5cbfab8f2
518,0.8647746243739566,71459,9.254926681518555,18.504060745239258,254.0,77261,0.07153796296296297,79448,0.07356296296296297,5220.8701171875,0.06941481679677963,103.0,27260124691489992,267335905848,2815466211af890a6fae590d52a2d18a631b0ff28d3ef3a91c7fc12b310bba2b
519,0.8664440734557596,71501,9.256953239440918,18.511211395263672,254.0,77284,0.07155925925925925,79503,0.0736138888888889,5222.94482421875,0.07130462676286697,113.0,27260124691489992,267335905848,cbbf49387abcb412872e2624fe42b22d0fb0b00831d34b48ea7bc8edf665d333
520,0.8681135225375626,71542,9.2587308883667,18.520587921142578,254.0,77299,0.07157314814814815,79497,0.07360833333333333,5224.6318359375,0.073554627597332,99.0,27260124691489992,267335905848,4b36ca84a340e36918d6a8aa68cbb698da171acaa5ca7279433dae8f30a1670c
521,0.8697829716193656,71512,9.261106491088867,18.53083610534668,254.0,77288,0.07156296296296297,79536,0.07364444444444444,5227.30322265625,0.07316481322050095,92.0,27260124691489992,267335905848,a0a5ec4029a989c0f16c8ac073707b2a80d368868a876e8238250cee567e321c
522,0.8714524207011686,71546,9.26087760925293,18.535202026367188,254.0,77254,0.07153148148148149,79570,0.07367592592592592,5227.2138671875,0.07134351879358292,90.0,27260124691489992,267335905848,a9c68bd6dc6b7cca852dcdc77d4330c94c1a1b0cfaa4ea07c3bccdd7249bd024
523,0.8731218697829716,71549,9.263976097106934,18.543352127075195,254.0,77285,0.07156018518518519,79618,0.07372037037037037,5230.44287109375,0.07117222249507904,83.0,27260124691489992,267335905848,f94a9c4c86511b228434e4a57d4b9339d166042ff238f2599e51a7ab755551de
524,0.8747913188647746,71530,9.267416954040527,18.549156188964844,254.0,77346,0.07161666666666666,79654,0.07375370370370371,5233.72412109375,0.06813333183526993,62.0,27260124691489992,267335905848,122fdc04ea9fa4553d18116f3460ba82ef46657af27e217eb28c18953d07fd8f
525,0.8764607679465777,71535,9.269339561462402,18.55133056640625,254.0,77387,0.07165462962962962,79672,0.07377037037037038,5235.6669921875,0.06721759587526321,86.0,27260124691489992,267335905848,cfd9a479cb0a16bcc4f7c179ebaa1173736a3b69b8bf7d177aeb654d2a5d16b9
526,0.8781302170283807,71551,9.269877433776855,18.55164337158203,254.0,77379,0.07164722222222222,79718,0.07381296296296297,5236.11279296875,0.06813981384038925,56.0,27260124691489992,267335905848,4824169a7d34c6c1b23672eb6d35548e8f0a797e4d7d1d19515dd957b4ca4db8
527,0.8797996661101837,71574,9.272111892700195,18.553722381591797,254.0,77402,0.07166851851851852,79738,0.07383148148148148,5238.11181640625,0.06826574355363846,57.0,27260124691489992,267335905848,30f84f12a7904181e0f1618281cc7c6ac4ab003efda7de433af8c7bd1cf2d3b8
528,0.8814691151919867,71621,9.274209022521973,18.55534553527832,254.0,77439,0.07170277777777778,79811,0.07389907407407408,5239.9267578125,0.06878240406513214,54.0,27260124691489992,267335905848,227ba459b33eea715744c7ff4c03bdd4a0df17ae55a707ed8503ee95034a1eeb
529,0.8831385642737897,71613,9.275616645812988,18.556907653808594,254.0,77469,0.07173055555555556,79851,0.0739361111111111,5241.10009765625,0.06801111251115799,68.0,27260124691489992,267335905848,5b37d42ed0b84ff4e517e931335e1cac5dd97eb1668709fe3a83ea0db54da89b
530,0.8848080133555927,71594,9.276657104492188,18.55838966369629,254.0,77520,0.07177777777777777,79818,0.07390555555555556,5242.294921875,0.06969814747571945,48.0,27260124691489992,267335905848,b57f420ffad11115745a03923a840c4137c5a8e72ab088cf69be2bd5fbcc7b06
531,0.8864774624373957,71604,9.278475761413574,18.56121063232422,254.0,77541,0.07179722222222222,79928,0.07400740740740741,5243.69921875,0.07054629921913147,113.0,27260124691489992,267335905848,b6eff0078508b412181449fb74cfa74ea3abbc546c5ecd77349cc910969070ac
532,0.8881469115191987,71644,9.280420303344727,18.568099975585938,254.0,77525,0.0717824074074074,79942,0.07402037037037038,5245.8828125,0.0735703706741333,58.0,27260124691489992,267335905848,a17bc6a56f065e31df597d0fe5b436addb7d43192a562bdbdeb29821c5a275c3
533,0.8898163606010017,71656,9.283056259155273,18.578876495361328,254.0,77561,0.07181574074074074,80022,0.07409444444444445,5248.1220703125,0.07343240827322006,84.0,27260124691489992,267335905848,9a9590149ab6efb4106bd5781fd4497621198194e64db6e368a9a36b0351dcd9
534,0.8914858096828047,71719,9.287657737731934,18.59917640686035,254.0,77604,0.07185555555555556,80048,0.07411851851851851,5252.8798828125,0.07821203768253326,83.0,27260124691489992,267335905848,44249824821ee72c4ade9ded17aa3e480604d1ecea0fdc96a57d1a99995867e9
535,0.8931552587646077,71842,9.294840812683105,18.63326072692871,254.0,77651,0.07189907407407407,80067,0.07413611111111111,5260.2529296875,0.08325926214456558,86.0,27260124691489992,267335905848,f4d2610fee1682be2789b0cfdd3d82249c114743afd2ae160891aee8dab89954
536,0.8948247078464107,71894,9.304537773132324,18.680543899536133,254.0,77666,0.07191296296296296,80102,0.07416851851851852,5270.36083984375,0.0884583368897438,95.0,27260124691489992,267335905848,aa248711738375312dd258c0c5c6f63c5fbd56ce56c7263c41ffed382c29a95f
537,0.8964941569282137,71983,9.316514015197754,18.74191665649414,254.0,77729,0.0719712962962963,80140,0.0742037037037037,5282.97314453125,0.09386851638555527,94.0,27260124691489992,267335905848,bc9290cb374608ba5582c65117028dd4e373f7a1987f5af8b8e136a889676182
538,0.8981636060100167,72185,9.333349227905273,18.824460983276367,254.0,77769,0.07200833333333333,80183,0.07424351851851851,5300.68798828125,0.10169444233179092,134.0,27260124691489992,267335905848,b0065e3f50d2fa45606a14eb689fbf1f0a78b40a43974c87cec1511f4dd02c54
539,0.8998330550918197,72322,9.35252857208252,18.92030143737793,254.0,77832,0.07206666666666667,80250,0.07430555555555556,5320.873046875,0.10948333144187927,127.0,27260124691489992,267335905848,d4fc9d64f295c08375e61e2703f1ff2576f45104a796a1fb1cf26c7fd7095a5e
540,0.9015025041736227,72436,9.375418663024902,19.033641815185547,254.0,77920,0.07214814814814814,80338,0.07438703703703704,5344.662109375,0.11259166896343231,120.0,27260124691489992,267335905848,b16647db0003f6a47d2f33530b053e7ef210b75b57cb3e7049cfa0d2efa851e0
541,0.9031719532554258,72630,9.400850296020508,19.15778160095215,254.0,77981,0.07220462962962963,80369,0.07441574074074074,5370.5830078125,0.12377221882343292,112.0,27260124691489992,267335905848,9e5fadde59a7f1e05b70d36e9381ad57d61657978ef4d57c6602af067465ca18
542,0.9048414023372288,72875,9.430235862731934,19.30239486694336,254.0,78041,0.07226018518518519,80423,0.07446574074074074,5400.65576171875,0.1318453699350357,130.0,27260124691489992,267335905848,2f4ebf4d4b8fe50b6fa352ceee4ef06eeb0911bbf45ced96141e61d1a564b593
543,0.9065108514190318,73072,9.461969375610352,19.457609176635742,254.0,78098,0.07231296296296297,80433,0.074475,5433.412109375,0.1386851817369461,118.0,27260124691489992,267335905848,8b0174ffa84bec44d54d017328d282b921728d69a3ca1631f02cfaa3073bdbe4
544,0.9081803005008348,73216,9.496662139892578,19.625680923461914,254.0,78319,0.07251759259259259,80649,0.074675,5469.2890625,0.14122778177261353,107.0,27260124691489992,267335905848,692d411d522b87839437c76abe9e1cae11c687da8b2973cc496c9a2d1b2018d3
545,0.9098497495826378,73482,9.53481674194336,19.80947494506836,254.0,78330,0.07252777777777777,80743,0.07476203703703704,5508.533203125,0.1508750021457672,112.0,27260124691489992,267335905848,d2c50041989a93eb489617242e3d044bf9293d766d589e10d75aa6b3cec11121
546,0.9115191986644408,73728,9.574311256408691,20.000757217407227,254.0,78486,0.07267222222222222,80971,0.07497314814814815,5549.84423828125,0.1542111039161682,112.0,27260124691489992,267335906872,06c848a96e53edd7bcca18d80d18feebdb871ddf8bb4f487ec33f7777774f046
547,0.9131886477462438,74062,9.615909576416016,20.19852066040039,254.0,78677,0.07284907407407408,81117,0.07510833333333333,5592.580078125,0.15691110491752625,115.0,27260124691489992,267335906872,ad3eb9fbf280b22342210c0d5dfc6a25e83257d94c56798e247860a998af6583
548,0.9148580968280468,74307,9.659083366394043,20.40195655822754,254.0,78823,0.07298425925925926,81230,0.07521296296296297,5636.9541015625,0.1571388840675354,106.0,27260124691489992,267335906872,e492d582242226ad7d697527136aaa5a9aaa71248fec1b7e3ce5c8f6472e5a4f
549,0.9165275459098498,74476,9.703877449035645,20.605985641479492,254.0,79048,0.07319259259259259,81414,0.07538333333333333,5683.19482421875,0.16196481883525848,104.0,27260124691489992,267335906872,f2eac90439c9728796b09ba6fdfda5271e55f3c2b883c63e95fa45561b9ac6b1
550,0.9181969949916527,74759,9.74785327911377,20.80980110168457,254.0,79285,0.07341203703703704,81563,0.0755212962962963,5728.666015625,0.16271111369132996,113.0,27260124691489992,267335897656,2e55acfdef5ec230fec101166fd7930f9b0762dd9df297f275ea3f3214cec848
551,0.9198664440734557,75019,9.794060707092285,21.016645431518555,254.0,79480,0.0735925925925926,81762,0.07570555555555555,5776.171875,0.164596289396286,100.0,27260124691489992,267335897656,f24cc801c55674198a16284b1c7ae10ba34cf8b487bf2027e823e53fab29c084
552,0.9215358931552587,75203,9.8416748046875,21.230424880981445,254.0,79711,0.07380648148148149,81922,0.0758537037037037,5825.1259765625,0.16842129826545715,96.0,27260124691489992,267335898680,b513de5ff6b9ae5d7fcf14e6a54ac29168e0ee8175338a58c13c6e1afc461cc5
553,0.9232053422370617,75433,9.886726379394531,21.433347702026367,254.0,79832,0.07391851851851852,82154,0.07606851851851852,5872.15576171875,0.16515092551708221,109.0,27260124691489992,267335898680,f371c7108d98578bb412b0bce4145b5f5875b57f08adb21d9de6bac41be19f00
554,0.9248747913188647,75602,9.932833671569824,21.639766693115234,254.0,80016,0.07408888888888888,82303,0.07620648148148149,5919.78515625,0.16406480967998505,108.0,27260124691489992,267335898680,e4e5f2dea14eeca796e930029b51e4364db0760f1e989c9a264d5fcea6eb5d90
555,0.9265442404006677,75827,9.977232933044434,21.83679962158203,254.0,80173,0.07423425925925926,82438,0.07633148148148149,5966.02392578125,0.15911667048931122,100.0,27260124691489992,267335898680,d72a17714bd9962f7cbcabac52db1966070b935ace8c03eb09833ed98524a55c
556,0.9282136894824707,75991,10.020824432373047,22.03024673461914,254.0,80420,0.07446296296296297,82619,0.07649907407407408,6011.22509765625,0.1596962958574295,100.0,27260124691489992,267335898680,f0db9ff504c5eead0829337ef6d6a336a0a73ad72b6210fd6b439b1ccd569cea
557,0.9298831385642737,76182,10.064382553100586,22.21758460998535,254.0,80595,0.074625,82708,0.07658148148148149,6056.14013671875,0.1583527773618698,134.0,27260124691489992,267335898680,00e5ae02faed9b1b1e6d16c7a68ddee12cc44f3ffe9ae21460d4b13f33ab04f5
558,0.9315525876460768,76389,10.108125686645508,22.401987075805664,254.0,80784,0.0748,82918,0.07677592592592593,6101.48779296875,0.1570083349943161,105.0,27260124691489992,267335898680,314d484fe6d06acd30596fc4d89e3bce8af1235bd1f07fcf9cb24e36e2535a42
559,0.9332220367278798,76562,10.150922775268555,22.584714889526367,254.0,80917,0.07492314814814814,82989,0.07684166666666667,6145.8359375,0.1575157344341278,111.0,27260124691489992,267335898680,f7ab11cb3e02bc3b91ad2fa10c8c14f130191049dea1d1f7bf4f72dc5372ff3e
560,0.9348914858096828,76773,10.192899703979492,22.75971031188965,254.0,81159,0.07514722222222223,83147,0.07698796296296297,6189.341796875,0.1556231528520584,92.0,27260124691489992,267335898680,dc4e5c8c587a7397b92563586fa4c2144e09ebd8ea936ec4e2c8cb8d3d2d6647
561,0.9365609348914858,76908,10.23423957824707,22.929283142089844,254.0,81293,0.0752712962962963,83352,0.07717777777777778,6232.4140625,0.15728241205215454,104.0,27260124691489992,267335898680,4281e50fdcb5ed8ba0839c70b2fa954ed8ddffd8973cc4207e6fa1f75fd4a32c
562,0.9382303839732888,77116,10.273978233337402,23.09351921081543,254.0,81501,0.07546388888888889,83529,0.07734166666666667,6274.5458984375,0.1523120403289795,111.0,27260124691489992,267335898680,60423b344e45cc3f12f3e5ae0ecd9e79e99ed735b914fa3086d6269ea8fa95c8
563,0.9398998330550918,77225,10.314881324768066,23.257793426513672,254.0,81701,0.07564907407407408,83660,0.07746296296296297,6316.67919921875,0.1550777703523636,124.0,27260124691489992,267335898680,6aa73380af14e7085db10eef1c6c71fc28504bcf69c768c6f29d0178af7ce6c1
564,0.9415692821368948,77375,10.354162216186523,23.413677215576172,254.0,81956,0.07588518518518518,83836,0.07762592592592593,6357.2421875,0.15420092642307281,103.0,27260124691489992,267335898680,f2f7ad841cd2124f296026d8c85e67a96d4301c2a2d26fe1ea05c16f36415b65
565,0.9432387312186978,77518,10.39239501953125,23.567306518554688,254.0,82084,0.0760037037037037,83983,0.07776203703703703,6396.89404296875,0.1530240774154663,120.0,27260124691489992,267335898680,b2dd92d642071a58b7e05fc9b63a3ed0229a201ea3e5d10b7872bd14d9d4571f
566,0.9449081803005008,77599,10.430737495422363,23.72332763671875,254.0,82282,0.07618703703703704,84099,0.07786944444444445,6436.98193359375,0.15240277349948883,99.0,27260124691489992,267335898680,25a41f7a302e70e8f416d28b0a2fee4b637bfb30955879ac796cbe2c5da9adb4
567,0.9465776293823038,77705,10.46916389465332,23.8712158203125,254.0,82434,0.07632777777777777,84244,0.0780037037037037,6476.48486328125,0.14838796854019165,106.0,27260124691489992,267335898680,3ebc76cbf085b2c6faf33effda5a7a2aaa58e5baebc5751dd84c7b523bc974de
568,0.9482470784641068,77896,10.507145881652832,24.020456314086914,254.0,82682,0.07655740740740741,84418,0.07816481481481481,6515.47802734375,0.15279722213745117,139.0,27260124691489992,267335898680,8ae2648be27594d41e28c4f101f4a37f94347b616a0717244bee63fcb06a255c
569,0.9499165275459098,78045,10.545462608337402,24.164438247680664,254.0,82947,0.07680277777777778,84523,0.07826203703703703,6554.79296875,0.15307962894439697,122.0,27260124691489992,267335898680,2b924d3ca0035eaa91bc6b3b48536cdfded3a2593560b2400b6f9585a40dcacd
570,0.9515859766277128,78244,10.583049774169922,24.307077407836914,254.0,83093,0.07693796296296296,84605,0.07833796296296296,6593.494140625,0.15169259905815125,115.0,27260124691489992,267335898680,1aa9bc6f98158fb1e2efff9e2d5afc91c8c5677954e590821d89b81a9dc97574
571,0.9532554257095158,78402,10.619192123413086,24.44570541381836,254.0,83270,0.07710185185185185,84811,0.0785287037037037,6630.794921875,0.1496453732252121,107.0,27260124691489992,267335898680,e08b2518ad62945ada1f6c4a8edeb69a6e95af115005fb78188537c0b61e4f00
572,0.9549248747913188,78501,10.65248966217041,24.575504302978516,254.0,83436,0.07725555555555555,84909,0.07861944444444445,6665.40087890625,0.1464240700006485,134.0,27260124691489992,267335898680,c0d6552b112b72a7d7661598782d7760ed346c61cda8166b4730d75489cd46f1
573,0.9565943238731218,78759,10.687514305114746,24.707136154174805,254.0,83613,0.07741944444444444,85097,0.07879351851851851,6701.2490234375,0.14829444885253906,127.0,27260124691489992,267335898680,d6f1ae85e2d4132716ecfbf14e1d9494353c18b4d1fc1ebf83b429a5cbc90444
574,0.9582637729549248,78848,10.722089767456055,24.841339111328125,254.0,83776,0.07757037037037037,85309,0.07898981481481482,6737.27099609375,0.14778518676757812,110.0,27260124691489992,267335898680,5cb5725d458b063c0256d15d9197ce8a11ce47726bbedd7bbff08c05442d4399
575,0.9599332220367279,79020,10.758172035217285,24.983129501342773,254.0,83931,0.07771388888888889,85426,0.07909814814814815,6774.81982421875,0.15017685294151306,124.0,27260124691489992,267302344248,c4f2d46681baa0688214f24d1c8563fd6d2b3158181d7a963cdf65efd8862c11
576,0.9616026711185309,79189,10.795026779174805,25.120941162109375,254.0,84118,0.07788703703703703,85613,0.0792712962962963,6812.68701171875,0.15018796920776367,123.0,27260124691489992,267302344248,97e593dbc6450767f13ce6bd490f30c82f87feab3dc2460bed7e94d5d6c4aa53
577,0.9632721202003339,79452,10.831737518310547,25.26424789428711,254.0,84287,0.07804351851851851,85807,0.07945092592592592,6851.115234375,0.15088889002799988,117.0,27260124691490024,267302344248,f88d6c78e1464c3140d5c3cc8b4ad731334e9dbe0098680b705d783c63edf590
578,0.9649415692821369,79610,10.867024421691895,25.399486541748047,254.0,84480,0.07822222222222222,85943,0.07957685185185186,6887.5888671875,0.15011389553546906,105.0,27260124691490024,267302344248,a8288a9e1b9b11a268f46b78198d1faef3bf44ce94e81c83b9212bd8f0877387
579,0.9666110183639399,79726,10.902840614318848,25.53898048400879,254.0,84584,0.07831851851851852,86066,0.07969074074074074,6924.81689453125,0.152014821767807,101.0,27260124691490024,267302344248,da271f3ae2fba23dd6c7bf5b0d7956d89ec9f4c22d959053c99ddc24609fb366
580,0.9682804674457429,79853,10.935492515563965,25.666141510009766,254.0,84779,0.07849907407407407,86288,0.0798962962962963,6958.60400390625,0.1434592604637146,133.0,27260124691489992,267302344248,587d727aa9d9b85a063f6e3519eb47e7a7ef5b011f336562662544b546f0bc84
581,0.9699499165275459,79971,10.966944694519043,25.78789520263672,254.0,84952,0.07865925925925926,86481,0.080075,6991.23193359375,0.14033333957195282,94.0,27260124691489992,267302344248,216cea2c0f89243f1d08e69384145949682281d36014d342e1b98510149bec5d
582,0.9716193656093489,80187,10.997527122497559,25.90335464477539,254.0,85023,0.078725,86610,0.08019444444444444,7022.64599609375,0.1386527717113495,96.0,27260124691489992,267302344248,ee11e669be5d93e2b145ceb5a49474ca38364998753be78b5b874743f49b25fb
583,0.9732888146911519,80333,11.025457382202148,26.00648307800293,254.0,85177,0.07886759259259259,86767,0.08033981481481481,7051.23486328125,0.13690277934074402,94.0,27260124691489992,267302344248,b4349bbeae454cde7030326e86e142db7ae10af9c191a1bccd92040ac8e41ae5
584,0.9749582637729549,80442,11.051143646240234,26.103076934814453,254.0,85257,0.07894166666666666,86942,0.08050185185185185,7077.72509765625,0.1268879622220993,111.0,27260124691489992,267302344248,31c71ee76a226a72c401660c0fbde01bdbe7544c770ba9bbe1efb7116b30b1a2
585,0.9766277128547579,80607,11.075081825256348,26.193117141723633,254.0,85402,0.07907592592592592,87021,0.080575,7102.3291015625,0.1225212961435318,107.0,27260124691489992,267302344248,7267558590348e2d7d4c70e1f9c8ef185fb853fa0674e11522eef7b58c9d33b5
586,0.9782971619365609,80671,11.09656810760498,26.275310516357422,254.0,85468,0.07913703703703703,87166,0.08070925925925926,7124.52587890625,0.11789073795080185,92.0,27260124691490024,267302344248,50b26dad47f4bd20a96b30579a202ce53888e78cef251425458e24c286b23048
587,0.9799666110183639,80803,11.114830017089844,26.345792770385742,254.0,85497,0.0791638888888889,87218,0.0807574074074074,7143.501953125,0.11019444465637207,99.0,27260124691490024,267302344248,18a9f35f734b5a196159b0f23775371efc34cc26c3cbd640130b1ded29cf9afd
588,0.9816360601001669,80866,11.132448196411133,26.410953521728516,254.0,85577,0.07923796296296297,87309,0.08084166666666667,7161.7509765625,0.10414444655179977,94.0,27260124691490024,267302344248,89af4806da789fb1762534d7b47e8a8ee1a59cabf0ed978bedc5fc4e21ca6a36
589,0.9833055091819699,80931,11.147111892700195,26.466611862182617,254.0,85570,0.07923148148148149,87381,0.08090833333333333,7177.0390625,0.0982527807354927,92.0,27260124691490024,267302344248,b98f33dce5ec1708d439f75c2789c6dc37c1e8bdfb6cd1246b7b560279953856
590,0.9849749582637729,81036,11.159858703613281,26.515361785888672,254.0,85595,0.07925462962962963,87487,0.08100648148148148,7190.2490234375,0.09191852062940598,75.0,27260124691490024,267302344248,617e43357f981cdd863317d0556a69bee49727533cb56ed268e6bc4c40c2777c
591,0.986644407345576,81100,11.169822692871094,26.552291870117188,254.0,85633,0.07928981481481481,87557,0.0810712962962963,7199.98583984375,0.08444907516241074,78.0,27260124691490024,267302344248,5fd2241146c116a281c90c4d15469f539e6971775090f8f75ed6ee3d64bd250a
592,0.988313856427379,81053,11.178088188171387,26.582504272460938,254.0,85631,0.07928796296296296,87597,0.08110833333333334,7208.466796875,0.07353796064853668,78.0,27260124691489984,267302344248,1aecd4bb1c954c3c9950f34b3a2e2eccabcde194c37cdd4b8d3ed6144df17b6d
593,0.989983305509182,81106,11.184649467468262,26.606130599975586,254.0,85655,0.07931018518518519,87671,0.08117685185185185,7215.11376953125,0.06990740448236465,79.0,27260124691489984,267302344248,799214c704f9108e7f00bc1fe67e4d746387e903ae2858f5d57054afa64a87e1
594,0.991652754590985,81167,11.18915843963623,26.623645782470703,254.0,85704,0.07935555555555555,87741,0.08124166666666667,7219.587890625,0.06572777777910233,78.0,27260124691489984,267302344248,d8b71ac6eafc1f8b7fecba49e889443ecac9513a430b8a2d900d4fc01729b48b
595,0.993322203672788,81159,11.193172454833984,26.636024475097656,254.0,85715,0.07936574074074074,87762,0.08126111111111112,7223.384765625,0.060249075293540955,53.0,27260124691490016,267302344248,4c99f61220637af209d72b0042807a3fe88737ace6be07e8a90cb6f32f7767e2
596,0.994991652754591,81151,11.194601058959961,26.641056060791016,254.0,85749,0.07939722222222222,87760,0.08125925925925925,7224.962890625,0.054495371878147125,65.0,27260124691490016,267302344248,7c179a95777e25ba006ad6e2ffae2818827b72854fa2913ce5a27c20951b28d9
597,0.996661101836394,81144,11.195639610290527,26.643888473510742,254.0,85797,0.07944166666666666,87826,0.08132037037037038,7225.89404296875,0.050692591816186905,59.0,27260124691490016,267302344248,98cd90a415ecd0476bd0c65c84abc83bc73eff75e119eadc89960d7ba0b50fc5
598,0.998330550918197,81120,11.196662902832031,26.644704818725586,254.0,85801,0.07944537037037037,87856,0.08134814814814814,7226.7958984375,0.04679722338914871,17.0,27260124691490016,267302344248,fb8953f1934769aacfc7f7b4c2336ace8019b9bb659f150b4f1a89c392b7e4a2
599,1.0,81142,11.197601318359375,26.645246505737305,254.0,85804,0.07944814814814814,87879,0.08136944444444444,7227.6708984375,0.0430731475353241,13.0,27260124691490016,267302344248,901c0dd18f4f6f893d3cc19f7d322148d28c38ccc446797a4908ab5ca9c519a6
